[2026-10-06 14:47:26] [INFO]    [MetaProViz] Welcome to MetaProViz!
[2026-10-06 14:47:26] [INFO]    [MetaProViz] MetaProViz version: 4.99.0
[2026-10-06 14:47:26] [INFO]    [MetaProViz] OmnipathR version: 4.1.0
[2026-10-06 14:47:26] [INFO]    [MetaProViz] Load KEGG.
[2026-10-06 14:48:39] [INFO]    [MetaProViz] Number of metabolites in cluster `Citrate cycle (TCA cycle)`: 10
[2026-10-06 14:48:39] [INFO]    [MetaProViz] Number of metabolites in cluster `Glycolysis / Gluconeogenesis`: 9
[2026-10-06 14:48:39] [INFO]    [MetaProViz] Number of metabolites in cluster `Arginine and proline metabolism`: 6
[2026-10-06 14:48:39] [INFO]    [MetaProViz] Number of metabolites in cluster `Not assigned`: 18
[2026-10-06 14:48:40] [INFO]    [MetaProViz] Number of metabolites in cluster `Cysteine and methionine metabolism`: 7
[2026-10-06 14:48:40] [INFO]    [MetaProViz] Number of metabolites in cluster `Pentose phosphate pathway`: 4
[2026-10-06 14:48:41] [INFO]    [MetaProViz] Number of metabolites in cluster `Fatty acyl carnitines`: 4
[2026-10-06 14:48:41] [INFO]    [MetaProViz] Number of metabolites in cluster `Glycerophospholipid metabolism`: 9
[2026-10-06 14:48:41] [INFO]    [MetaProViz] Number of metabolites in cluster `Purine metabolism`: 18
[2026-10-06 14:48:41] [INFO]    [MetaProViz] Number of metabolites in cluster `Amino acid metabolism`: 25
[2026-10-06 14:48:41] [INFO]    [MetaProViz] Number of metabolites in cluster `Alanine, aspartate and glutamate metabolism`: 3
[2026-10-06 14:48:41] [INFO]    [MetaProViz] Number of metabolites in cluster `Pyrimidine metabolism`: 18
[2026-10-06 14:48:41] [INFO]    [MetaProViz] Number of metabolites in cluster `Glutathione metabolism`: 9
[2026-10-06 14:48:41] [INFO]    [MetaProViz] Number of metabolites in cluster `Vitamin digestion and absorption`: 3
[2026-10-06 14:48:41] [INFO]    [MetaProViz] Number of metabolites in cluster `Valine, leucine and isoleucine biosynthesis`: 3
[2026-10-06 14:48:41] [INFO]    [MetaProViz] Number of metabolites in cluster `Oxidative phosphorylation`: 2
[2026-10-06 14:48:43] [INFO]    [MetaProViz] viz_graph: Graph plot visualization
[2026-10-06 14:48:43] [TRACE]   [MetaProViz] cluster_pk completed with community clustering; 1 clusters (including None).
[2026-10-06 14:48:44] [INFO]    [MetaProViz] viz_upset: Upset plot visualization
[2026-10-06 14:48:44] [TRACE]   [MetaProViz] Message For Consumption Release experiment we are using the method from Jain M.  REF: Jain et. al, (2012), Science 336(6084):1040-4, doi: 10.1126/science.1218595.
[2026-10-06 14:48:44] [INFO]    [MetaProViz] viz_pca: PCA plot visualization
[2026-10-06 14:48:44] [INFO]    [MetaProViz] character(0)
[2026-10-06 14:48:44] [INFO]    [MetaProViz] viz_pca colour: #88CCEE, #DDCC77, #661100, #332288, #AA4499, #999933, #44AA99, #882215, #6699CC, #117733, #888888, #CC6677, black, gold1, darkorchid4, red, orange, blue
[2026-10-06 14:48:44] [INFO]    [MetaProViz] viz_pca shape: 15, 17, 16, 18, 6, 7, 8, 11, 12
[2026-10-06 14:48:44] [INFO]    [MetaProViz] viz_pca scale_color: discrete
[2026-10-06 14:48:44] [TRACE]   [MetaProViz] The plot has legend, adjusting layout to accommodate it.
[2026-10-06 14:48:44] [TRACE]   [MetaProViz] Sections: color, shape
[2026-10-06 14:48:45] [TRACE]   [MetaProViz] Legend nchar: 2.75cm, Legend width: 2.80cm
[2026-10-06 14:48:45] [TRACE]   [MetaProViz] Parsing unit from `2.80cm`
[2026-10-06 14:48:45] [TRACE]   [MetaProViz] The plot has title, adjusting layout to accommodate it.
[2026-10-06 14:48:45] [TRACE]   [MetaProViz] Parsing unit from `0.5cm`
[2026-10-06 14:48:45] [TRACE]   [MetaProViz] Parsing unit from `12`
[2026-10-06 14:48:45] [TRACE]   [MetaProViz] Parsing unit from `11`
[2026-10-06 14:48:45] [TRACE]   [MetaProViz] Parsing unit from `8cm`
[2026-10-06 14:48:45] [TRACE]   [MetaProViz] Setting widths[7] to 8cm [name=axis-b, offset=0, empty=FALSE, original=1null]
[2026-10-06 14:48:45] [TRACE]   [MetaProViz] Parsing unit from `0cm`
[2026-10-06 14:48:45] [TRACE]   [MetaProViz] Setting widths[1] to 0cm [name=ylab-l, offset=-4, empty=FALSE, original=5.5points]
[2026-10-06 14:48:45] [TRACE]   [MetaProViz] Parsing unit from `1cm`
[2026-10-06 14:48:45] [TRACE]   [MetaProViz] Setting widths[6] to 1cm [name=axis-l, offset=0, empty=FALSE, original=sum(0cm, 1null, 0.611999976217656cm, 0null, max(0points, -0.0966514459665145cm), 0.0966514459665145cm)]
[2026-10-06 14:48:45] [TRACE]   [MetaProViz] Parsing unit from `1cm`
[2026-10-06 14:48:45] [TRACE]   [MetaProViz] Setting widths[5] to 1cm [name=ylab-l, offset=0, empty=FALSE, original=1grobwidth]
[2026-10-06 14:48:45] [TRACE]   [MetaProViz] Parsing unit from `0cm`
[2026-10-06 14:48:45] [TRACE]   [MetaProViz] Setting widths[3] to 0cm [name=guide-box-left, offset=0, empty=FALSE, original=0cm]
[2026-10-06 14:48:45] [TRACE]   [MetaProViz] Parsing unit from `0cm`
[2026-10-06 14:48:45] [TRACE]   [MetaProViz] Setting widths[8] to 0cm [name=axis-r, offset=0, empty=FALSE, original=0cm]
[2026-10-06 14:48:45] [TRACE]   [MetaProViz] Parsing unit from `0cm`
[2026-10-06 14:48:45] [TRACE]   [MetaProViz] Setting widths[9] to 0cm [name=ylab-r, offset=0, empty=FALSE, original=0cm]
[2026-10-06 14:48:45] [TRACE]   [MetaProViz] Parsing unit from `1cm`
[2026-10-06 14:48:45] [TRACE]   [MetaProViz] Setting widths[4] to 1cm [name=ylab-l, offset=-1, empty=TRUE, original=0points]
[2026-10-06 14:48:45] [TRACE]   [MetaProViz] Parsing unit from `1cm`
[2026-10-06 14:48:45] [TRACE]   [MetaProViz] Setting widths[11] to 1cm [name=guide-box-right, offset=0, empty=FALSE, original=sum(0.5null, 0points, 2.81008159246575cm, 0points, 0.5null)]
[2026-10-06 14:48:45] [TRACE]   [MetaProViz] Parsing unit from `8cm`
[2026-10-06 14:48:45] [TRACE]   [MetaProViz] Setting heights[9] to 8cm [name=axis-l, offset=0, empty=FALSE, original=1null]
[2026-10-06 14:48:45] [TRACE]   [MetaProViz] Parsing unit from `1cm`
[2026-10-06 14:48:45] [TRACE]   [MetaProViz] Setting heights[10] to 1cm [name=axis-b, offset=0, empty=FALSE, original=sum(0.0966514459665145cm, max(0points, -0.0966514459665145cm), 0null, 0.359643635557501cm, 1null, 0cm)]
[2026-10-06 14:48:45] [TRACE]   [MetaProViz] Parsing unit from `.5cm`
[2026-10-06 14:48:45] [TRACE]   [MetaProViz] Setting heights[11] to 0.5cm [name=xlab-b, offset=0, empty=FALSE, original=1grobheight]
[2026-10-06 14:48:45] [TRACE]   [MetaProViz] Parsing unit from `1cm`
[2026-10-06 14:48:45] [TRACE]   [MetaProViz] Setting heights[12] to 1cm [name=xlab-b, offset=1, empty=TRUE, original=0points]
[2026-10-06 14:48:45] [TRACE]   [MetaProViz] Parsing unit from `0cm`
[2026-10-06 14:48:45] [TRACE]   [MetaProViz] Setting heights[1] to 0cm [name=title, offset=-2, empty=FALSE, original=5.5points]
[2026-10-06 14:48:45] [TRACE]   [MetaProViz] Parsing unit from `0cm`
[2026-10-06 14:48:45] [TRACE]   [MetaProViz] Setting heights[2] to 0cm [name=title, offset=-1, empty=TRUE, original=0points]
[2026-10-06 14:48:45] [TRACE]   [MetaProViz] Parsing unit from `0.25cm`
[2026-10-06 14:48:45] [TRACE]   [MetaProViz] Setting heights[3] to 0.25cm [name=title, offset=0, empty=FALSE, original=1grobheight]
[2026-10-06 14:48:45] [TRACE]   [MetaProViz] Parsing unit from `0cm`
[2026-10-06 14:48:45] [TRACE]   [MetaProViz] Setting heights[4] to 0cm [name=subtitle, offset=0, empty=FALSE, original=0cm]
[2026-10-06 14:48:45] [TRACE]   [MetaProViz] Parsing unit from `0cm`
[2026-10-06 14:48:45] [TRACE]   [MetaProViz] Setting heights[5] to 0cm [name=guide-box-top, offset=0, empty=FALSE, original=0cm]
[2026-10-06 14:48:45] [TRACE]   [MetaProViz] Parsing unit from `0cm`
[2026-10-06 14:48:45] [TRACE]   [MetaProViz] Setting heights[6] to 0cm [name=xlab-t, offset=-1, empty=TRUE, original=0points]
[2026-10-06 14:48:45] [TRACE]   [MetaProViz] Setting heights[3] to 0.5cm [name=title, main, offset=0, empty=FALSE, original=0.25cm]
[2026-10-06 14:48:45] [TRACE]   [MetaProViz] Parsing unit from `0.5cm`
[2026-10-06 14:48:45] [TRACE]   [MetaProViz] Setting heights[4] to 0.5cm [name=subtitle, main, offset=0, empty=FALSE, original=0cm]
[2026-10-06 14:48:45] [TRACE]   [MetaProViz] Parsing unit from `-7.20cm`
[2026-10-06 14:48:45] [TRACE]   [MetaProViz] Setting widths[11] to max(-7.2cm, 1cm) [name=guide-box-right, legend, offset=0, empty=FALSE, original=1cm]
[2026-10-06 14:48:45] [TRACE]   [MetaProViz] Adding sum(max(2.8cm, -7.2cm, 1cm), -1*max(-7.2cm, 1cm)) to the total width of the gtable, growing it from 12cm to sum(12cm, max(2.8cm, -7.2cm, 1cm), -1*max(-7.2cm, 1cm)).
[2026-10-06 14:48:45] [TRACE]   [MetaProViz] Setting widths[11] to max(2.8cm, -7.2cm, 1cm) [name=guide-box-right, offset=0, empty=FALSE, original=max(-7.2cm, 1cm)]
[2026-10-06 14:48:45] [TRACE]   [MetaProViz] Sum of heights: 12.00, sum of widths: 13.80
[2026-10-06 14:48:45] [INFO]    [MetaProViz] 9 of variables have high variability (CV > 30) in the core_media control samples. Consider checking the pooled samples to decide whether to remove these metabolites or not.
[2026-10-06 14:48:45] [TRACE]   [MetaProViz] The plot has title, adjusting layout to accommodate it.
[2026-10-06 14:48:45] [TRACE]   [MetaProViz] Parsing unit from `0.5cm`
[2026-10-06 14:48:45] [TRACE]   [MetaProViz] Parsing unit from `12`
[2026-10-06 14:48:45] [TRACE]   [MetaProViz] Parsing unit from `11`
[2026-10-06 14:48:45] [TRACE]   [MetaProViz] Parsing unit from `8cm`
[2026-10-06 14:48:45] [TRACE]   [MetaProViz] Setting widths[7] to 8cm [name=axis-b, offset=0, empty=FALSE, original=1null]
[2026-10-06 14:48:45] [TRACE]   [MetaProViz] Parsing unit from `0cm`
[2026-10-06 14:48:45] [TRACE]   [MetaProViz] Setting widths[1] to 0cm [name=ylab-l, offset=-4, empty=FALSE, original=5.5points]
[2026-10-06 14:48:45] [TRACE]   [MetaProViz] Parsing unit from `1cm`
[2026-10-06 14:48:45] [TRACE]   [MetaProViz] Setting widths[6] to 1cm [name=axis-l, offset=0, empty=FALSE, original=sum(0cm, 1null, 0.681453101217656cm, 0null, max(0points, -0.0966514459665145cm), 0.0966514459665145cm)]
[2026-10-06 14:48:45] [TRACE]   [MetaProViz] Parsing unit from `1cm`
[2026-10-06 14:48:45] [TRACE]   [MetaProViz] Setting widths[5] to 1cm [name=ylab-l, offset=0, empty=FALSE, original=1grobwidth]
[2026-10-06 14:48:45] [TRACE]   [MetaProViz] Parsing unit from `0cm`
[2026-10-06 14:48:46] [TRACE]   [MetaProViz] Setting widths[3] to 0cm [name=guide-box-left, offset=0, empty=FALSE, original=0cm]
[2026-10-06 14:48:46] [TRACE]   [MetaProViz] Parsing unit from `0cm`
[2026-10-06 14:48:46] [TRACE]   [MetaProViz] Setting widths[8] to 0cm [name=axis-r, offset=0, empty=FALSE, original=0cm]
[2026-10-06 14:48:46] [TRACE]   [MetaProViz] Parsing unit from `0cm`
[2026-10-06 14:48:46] [TRACE]   [MetaProViz] Setting widths[9] to 0cm [name=ylab-r, offset=0, empty=FALSE, original=0cm]
[2026-10-06 14:48:46] [TRACE]   [MetaProViz] Parsing unit from `1cm`
[2026-10-06 14:48:46] [TRACE]   [MetaProViz] Setting widths[4] to 1cm [name=ylab-l, offset=-1, empty=TRUE, original=0points]
[2026-10-06 14:48:46] [TRACE]   [MetaProViz] Parsing unit from `1cm`
[2026-10-06 14:48:46] [TRACE]   [MetaProViz] Setting widths[11] to 1cm [name=guide-box-right, offset=0, empty=FALSE, original=0cm]
[2026-10-06 14:48:46] [TRACE]   [MetaProViz] Parsing unit from `8cm`
[2026-10-06 14:48:46] [TRACE]   [MetaProViz] Setting heights[9] to 8cm [name=axis-l, offset=0, empty=FALSE, original=1null]
[2026-10-06 14:48:46] [TRACE]   [MetaProViz] Parsing unit from `0.5cm`
[2026-10-06 14:48:46] [TRACE]   [MetaProViz] Setting heights[10] to 0.5cm [name=axis-b, offset=0, empty=FALSE, original=sum(0.0966514459665145cm, max(0points, -0.0966514459665145cm), 0null, 0.359643635557501cm, 1null, 0cm)]
[2026-10-06 14:48:46] [TRACE]   [MetaProViz] Parsing unit from `0.75cm`
[2026-10-06 14:48:46] [TRACE]   [MetaProViz] Setting heights[11] to 0.75cm [name=xlab-b, offset=0, empty=FALSE, original=1grobheight]
[2026-10-06 14:48:46] [TRACE]   [MetaProViz] Parsing unit from `0cm`
[2026-10-06 14:48:46] [TRACE]   [MetaProViz] Setting heights[1] to 0cm [name=title, offset=-2, empty=FALSE, original=5.5points]
[2026-10-06 14:48:46] [TRACE]   [MetaProViz] Parsing unit from `0cm`
[2026-10-06 14:48:46] [TRACE]   [MetaProViz] Setting heights[2] to 0cm [name=title, offset=-1, empty=TRUE, original=0points]
[2026-10-06 14:48:46] [TRACE]   [MetaProViz] Parsing unit from `0.25cm`
[2026-10-06 14:48:46] [TRACE]   [MetaProViz] Setting heights[3] to 0.25cm [name=title, offset=0, empty=FALSE, original=1grobheight]
[2026-10-06 14:48:46] [TRACE]   [MetaProViz] Parsing unit from `0cm`
[2026-10-06 14:48:46] [TRACE]   [MetaProViz] Setting heights[4] to 0cm [name=subtitle, offset=0, empty=FALSE, original=0cm]
[2026-10-06 14:48:46] [TRACE]   [MetaProViz] Parsing unit from `0.5cm`
[2026-10-06 14:48:46] [TRACE]   [MetaProViz] Setting heights[14] to 0.5cm [name=caption, offset=0, empty=FALSE, original=0cm]
[2026-10-06 14:48:46] [TRACE]   [MetaProViz] Parsing unit from `0cm`
[2026-10-06 14:48:46] [TRACE]   [MetaProViz] Setting heights[5] to 0cm [name=guide-box-top, offset=0, empty=FALSE, original=0cm]
[2026-10-06 14:48:46] [TRACE]   [MetaProViz] Parsing unit from `0cm`
[2026-10-06 14:48:46] [TRACE]   [MetaProViz] Setting heights[6] to 0cm [name=xlab-t, offset=-1, empty=TRUE, original=0points]
[2026-10-06 14:48:46] [TRACE]   [MetaProViz] Setting heights[3] to 0.5cm [name=title, main, offset=0, empty=FALSE, original=0.25cm]
[2026-10-06 14:48:46] [TRACE]   [MetaProViz] Parsing unit from `0.5cm`
[2026-10-06 14:48:46] [TRACE]   [MetaProViz] Setting heights[4] to 0.5cm [name=subtitle, main, offset=0, empty=FALSE, original=0cm]
[2026-10-06 14:48:46] [TRACE]   [MetaProViz] Parsing unit from `2.30cm`
[2026-10-06 14:48:46] [TRACE]   [MetaProViz] Setting widths[11] to max(2.3cm, 1cm) [name=guide-box-right, legend, offset=0, empty=FALSE, original=1cm]
[2026-10-06 14:48:46] [TRACE]   [MetaProViz] The plot has title, adjusting layout to accommodate it.
[2026-10-06 14:48:46] [TRACE]   [MetaProViz] Parsing unit from `0.5cm`
[2026-10-06 14:48:46] [TRACE]   [MetaProViz] Parsing unit from `12`
[2026-10-06 14:48:46] [TRACE]   [MetaProViz] Parsing unit from `11`
[2026-10-06 14:48:46] [TRACE]   [MetaProViz] Parsing unit from `8cm`
[2026-10-06 14:48:46] [TRACE]   [MetaProViz] Setting widths[7] to 8cm [name=axis-b, offset=0, empty=FALSE, original=1null]
[2026-10-06 14:48:46] [TRACE]   [MetaProViz] Parsing unit from `0cm`
[2026-10-06 14:48:46] [TRACE]   [MetaProViz] Setting widths[1] to 0cm [name=ylab-l, offset=-4, empty=FALSE, original=5.5points]
[2026-10-06 14:48:46] [TRACE]   [MetaProViz] Parsing unit from `1cm`
[2026-10-06 14:48:46] [TRACE]   [MetaProViz] Setting widths[6] to 1cm [name=axis-l, offset=0, empty=FALSE, original=sum(0cm, 1null, 0.594912302606546cm, 0null, max(0points, -0.0966514459665145cm), 0.0966514459665145cm)]
[2026-10-06 14:48:46] [TRACE]   [MetaProViz] Parsing unit from `1cm`
[2026-10-06 14:48:46] [TRACE]   [MetaProViz] Setting widths[5] to 1cm [name=ylab-l, offset=0, empty=FALSE, original=1grobwidth]
[2026-10-06 14:48:46] [TRACE]   [MetaProViz] Parsing unit from `0cm`
[2026-10-06 14:48:46] [TRACE]   [MetaProViz] Setting widths[3] to 0cm [name=guide-box-left, offset=0, empty=FALSE, original=0cm]
[2026-10-06 14:48:46] [TRACE]   [MetaProViz] Parsing unit from `0cm`
[2026-10-06 14:48:46] [TRACE]   [MetaProViz] Setting widths[8] to 0cm [name=axis-r, offset=0, empty=FALSE, original=0cm]
[2026-10-06 14:48:46] [TRACE]   [MetaProViz] Parsing unit from `0cm`
[2026-10-06 14:48:46] [TRACE]   [MetaProViz] Setting widths[9] to 0cm [name=ylab-r, offset=0, empty=FALSE, original=0cm]
[2026-10-06 14:48:46] [TRACE]   [MetaProViz] Parsing unit from `1cm`
[2026-10-06 14:48:46] [TRACE]   [MetaProViz] Setting widths[4] to 1cm [name=ylab-l, offset=-1, empty=TRUE, original=0points]
[2026-10-06 14:48:46] [TRACE]   [MetaProViz] Parsing unit from `1cm`
[2026-10-06 14:48:46] [TRACE]   [MetaProViz] Setting widths[11] to 1cm [name=guide-box-right, offset=0, empty=FALSE, original=0cm]
[2026-10-06 14:48:46] [TRACE]   [MetaProViz] Parsing unit from `8cm`
[2026-10-06 14:48:46] [TRACE]   [MetaProViz] Setting heights[9] to 8cm [name=axis-l, offset=0, empty=FALSE, original=1null]
[2026-10-06 14:48:46] [TRACE]   [MetaProViz] Parsing unit from `0.5cm`
[2026-10-06 14:48:46] [TRACE]   [MetaProViz] Setting heights[10] to 0.5cm [name=axis-b, offset=0, empty=FALSE, original=sum(0.0966514459665145cm, max(0points, -0.0966514459665145cm), 0null, 0.359643635557501cm, 1null, 0cm)]
[2026-10-06 14:48:46] [TRACE]   [MetaProViz] Parsing unit from `0.75cm`
[2026-10-06 14:48:46] [TRACE]   [MetaProViz] Setting heights[11] to 0.75cm [name=xlab-b, offset=0, empty=FALSE, original=1grobheight]
[2026-10-06 14:48:46] [TRACE]   [MetaProViz] Parsing unit from `0cm`
[2026-10-06 14:48:46] [TRACE]   [MetaProViz] Setting heights[1] to 0cm [name=title, offset=-2, empty=FALSE, original=5.5points]
[2026-10-06 14:48:46] [TRACE]   [MetaProViz] Parsing unit from `0cm`
[2026-10-06 14:48:46] [TRACE]   [MetaProViz] Setting heights[2] to 0cm [name=title, offset=-1, empty=TRUE, original=0points]
[2026-10-06 14:48:46] [TRACE]   [MetaProViz] Parsing unit from `0.25cm`
[2026-10-06 14:48:46] [TRACE]   [MetaProViz] Setting heights[3] to 0.25cm [name=title, offset=0, empty=FALSE, original=1grobheight]
[2026-10-06 14:48:46] [TRACE]   [MetaProViz] Parsing unit from `0cm`
[2026-10-06 14:48:46] [TRACE]   [MetaProViz] Setting heights[4] to 0cm [name=subtitle, offset=0, empty=FALSE, original=0cm]
[2026-10-06 14:48:46] [TRACE]   [MetaProViz] Parsing unit from `0.5cm`
[2026-10-06 14:48:46] [TRACE]   [MetaProViz] Setting heights[14] to 0.5cm [name=caption, offset=0, empty=FALSE, original=0cm]
[2026-10-06 14:48:46] [TRACE]   [MetaProViz] Parsing unit from `0cm`
[2026-10-06 14:48:46] [TRACE]   [MetaProViz] Setting heights[5] to 0cm [name=guide-box-top, offset=0, empty=FALSE, original=0cm]
[2026-10-06 14:48:46] [TRACE]   [MetaProViz] Parsing unit from `0cm`
[2026-10-06 14:48:46] [TRACE]   [MetaProViz] Setting heights[6] to 0cm [name=xlab-t, offset=-1, empty=TRUE, original=0points]
[2026-10-06 14:48:46] [TRACE]   [MetaProViz] Setting heights[3] to 0.5cm [name=title, main, offset=0, empty=FALSE, original=0.25cm]
[2026-10-06 14:48:46] [TRACE]   [MetaProViz] Parsing unit from `0.5cm`
[2026-10-06 14:48:46] [TRACE]   [MetaProViz] Setting heights[4] to 0.5cm [name=subtitle, main, offset=0, empty=FALSE, original=0cm]
[2026-10-06 14:48:46] [TRACE]   [MetaProViz] Parsing unit from `2.30cm`
[2026-10-06 14:48:46] [TRACE]   [MetaProViz] Setting widths[11] to max(2.3cm, 1cm) [name=guide-box-right, legend, offset=0, empty=FALSE, original=1cm]
[2026-10-06 14:48:46] [TRACE]   [MetaProViz] Warning: The core_media samples  MS51-04  were found to be different from the rest. They will not be included in the sum of the core_media samples.
[2026-10-06 14:48:46] [INFO]    [MetaProViz] core data are normalised by substracting mean (blank) from each sample and multiplying with the core_norm_factor
[2026-10-06 14:48:46] [TRACE]   [MetaProViz] The plot has legend, adjusting layout to accommodate it.
[2026-10-06 14:48:46] [TRACE]   [MetaProViz] Sections: Superplot
[2026-10-06 14:48:47] [TRACE]   [MetaProViz] Legend nchar: 1.00cm, Legend width: 2.90cm
[2026-10-06 14:48:47] [TRACE]   [MetaProViz] Parsing unit from `2.90cm`
[2026-10-06 14:48:47] [TRACE]   [MetaProViz] The plot has title, adjusting layout to accommodate it.
[2026-10-06 14:48:47] [TRACE]   [MetaProViz] Parsing unit from `0.5cm`
[2026-10-06 14:48:47] [TRACE]   [MetaProViz] Parsing unit from `12`
[2026-10-06 14:48:47] [TRACE]   [MetaProViz] Parsing unit from `11`
[2026-10-06 14:48:47] [TRACE]   [MetaProViz] Parsing unit from `1cm`
[2026-10-06 14:48:47] [TRACE]   [MetaProViz] Setting widths[7] to 1cm [name=axis-b, offset=0, empty=FALSE, original=1null]
[2026-10-06 14:48:47] [TRACE]   [MetaProViz] Parsing unit from `0cm`
[2026-10-06 14:48:47] [TRACE]   [MetaProViz] Setting widths[1] to 0cm [name=ylab-l, offset=-4, empty=FALSE, original=5.5points]
[2026-10-06 14:48:47] [TRACE]   [MetaProViz] Parsing unit from `1cm`
[2026-10-06 14:48:47] [TRACE]   [MetaProViz] Setting widths[6] to 1cm [name=axis-l, offset=0, empty=FALSE, original=sum(0cm, 1null, 0.594912302606546cm, 0null, max(0points, -0.0966514459665145cm), 0.0966514459665145cm)]
[2026-10-06 14:48:47] [TRACE]   [MetaProViz] Parsing unit from `1cm`
[2026-10-06 14:48:47] [TRACE]   [MetaProViz] Setting widths[5] to 1cm [name=ylab-l, offset=0, empty=FALSE, original=1grobwidth]
[2026-10-06 14:48:47] [TRACE]   [MetaProViz] Parsing unit from `0cm`
[2026-10-06 14:48:47] [TRACE]   [MetaProViz] Setting widths[3] to 0cm [name=guide-box-left, offset=0, empty=FALSE, original=0cm]
[2026-10-06 14:48:47] [TRACE]   [MetaProViz] Parsing unit from `0cm`
[2026-10-06 14:48:47] [TRACE]   [MetaProViz] Setting widths[8] to 0cm [name=axis-r, offset=0, empty=FALSE, original=0cm]
[2026-10-06 14:48:47] [TRACE]   [MetaProViz] Parsing unit from `0cm`
[2026-10-06 14:48:47] [TRACE]   [MetaProViz] Setting widths[9] to 0cm [name=ylab-r, offset=0, empty=FALSE, original=0cm]
[2026-10-06 14:48:47] [TRACE]   [MetaProViz] Parsing unit from `1cm`
[2026-10-06 14:48:47] [TRACE]   [MetaProViz] Setting widths[4] to 1cm [name=ylab-l, offset=-1, empty=TRUE, original=0points]
[2026-10-06 14:48:47] [TRACE]   [MetaProViz] Parsing unit from `1cm`
[2026-10-06 14:48:47] [TRACE]   [MetaProViz] Setting widths[11] to 1cm [name=guide-box-right, offset=0, empty=FALSE, original=sum(1null, 0points, 2.9032369744102cm, 0points, 0null)]
[2026-10-06 14:48:47] [TRACE]   [MetaProViz] Parsing unit from `8cm`
[2026-10-06 14:48:47] [TRACE]   [MetaProViz] Setting heights[9] to 8cm [name=axis-l, offset=0, empty=FALSE, original=1null]
[2026-10-06 14:48:47] [TRACE]   [MetaProViz] Parsing unit from `0.63cm`
[2026-10-06 14:48:47] [TRACE]   [MetaProViz] Setting heights[10] to 0.63cm [name=axis-b, offset=0, empty=FALSE, original=sum(0.0966514459665145cm, max(0points, -0.0966514459665145cm), 0null, 0.359643635557501cm, 1null, 0cm)]
[2026-10-06 14:48:47] [TRACE]   [MetaProViz] Parsing unit from `0.75cm`
[2026-10-06 14:48:47] [TRACE]   [MetaProViz] Setting heights[11] to 0.75cm [name=xlab-b, offset=0, empty=FALSE, original=1grobheight]
[2026-10-06 14:48:47] [TRACE]   [MetaProViz] Parsing unit from `0cm`
[2026-10-06 14:48:47] [TRACE]   [MetaProViz] Setting heights[1] to 0cm [name=title, offset=-2, empty=FALSE, original=5.5points]
[2026-10-06 14:48:47] [TRACE]   [MetaProViz] Parsing unit from `0cm`
[2026-10-06 14:48:47] [TRACE]   [MetaProViz] Setting heights[2] to 0cm [name=title, offset=-1, empty=TRUE, original=0points]
[2026-10-06 14:48:47] [TRACE]   [MetaProViz] Parsing unit from `0.25cm`
[2026-10-06 14:48:47] [TRACE]   [MetaProViz] Setting heights[3] to 0.25cm [name=title, offset=0, empty=FALSE, original=1grobheight]
[2026-10-06 14:48:47] [TRACE]   [MetaProViz] Parsing unit from `0cm`
[2026-10-06 14:48:47] [TRACE]   [MetaProViz] Setting heights[4] to 0cm [name=subtitle, offset=0, empty=FALSE, original=0cm]
[2026-10-06 14:48:47] [TRACE]   [MetaProViz] Parsing unit from `0.5cm`
[2026-10-06 14:48:47] [TRACE]   [MetaProViz] Setting heights[14] to 0.5cm [name=caption, offset=0, empty=FALSE, original=0cm]
[2026-10-06 14:48:47] [TRACE]   [MetaProViz] Parsing unit from `0cm`
[2026-10-06 14:48:47] [TRACE]   [MetaProViz] Setting heights[5] to 0cm [name=guide-box-top, offset=0, empty=FALSE, original=0cm]
[2026-10-06 14:48:47] [TRACE]   [MetaProViz] Parsing unit from `0cm`
[2026-10-06 14:48:47] [TRACE]   [MetaProViz] Setting heights[6] to 0cm [name=xlab-t, offset=-1, empty=TRUE, original=0points]
[2026-10-06 14:48:47] [TRACE]   [MetaProViz] Setting heights[3] to 0.5cm [name=title, main, offset=0, empty=FALSE, original=0.25cm]
[2026-10-06 14:48:47] [TRACE]   [MetaProViz] Parsing unit from `0.5cm`
[2026-10-06 14:48:47] [TRACE]   [MetaProViz] Setting heights[4] to 0.5cm [name=subtitle, main, offset=0, empty=FALSE, original=0cm]
[2026-10-06 14:48:47] [TRACE]   [MetaProViz] Parsing unit from `-1.95cm`
[2026-10-06 14:48:47] [TRACE]   [MetaProViz] Setting widths[11] to max(-1.95cm, 1cm) [name=guide-box-right, legend, offset=0, empty=FALSE, original=1cm]
[2026-10-06 14:48:47] [TRACE]   [MetaProViz] Adding sum(max(2.9cm, -1.95cm, 1cm), -1*max(-1.95cm, 1cm)) to the total width of the gtable, growing it from 12cm to sum(12cm, max(2.9cm, -1.95cm, 1cm), -1*max(-1.95cm, 1cm)).
[2026-10-06 14:48:47] [TRACE]   [MetaProViz] Setting widths[11] to max(2.9cm, -1.95cm, 1cm) [name=guide-box-right, offset=0, empty=FALSE, original=max(-1.95cm, 1cm)]
[2026-10-06 14:48:47] [INFO]    [MetaProViz] dma: Differential metabolite analysis.
[2026-10-06 14:48:47] [INFO]    [MetaProViz] Processing input SummarizedExperiment object.
[2026-10-06 14:48:48] [INFO]    [MetaProViz] In `Numerator` 786-O, 786-M1A, 786-M2A, Pool, NA/0 values exist in 5 Metabolite(s). and in `denominator`HK2 2 Metabolite(s
).. Those metabolite(s) might return p.val = NA, p.adj.= NA, t.val = NA. The Log2FC = Inf, if all replicates are 0/NA.
[2026-10-06 14:48:48] [WARN]    [MetaProViz] There are NA's / 0s in the data. This can impact the output of the SHapiro-Wilk test for all metabolites that include NAs / 0s.
[2026-10-06 14:48:48] [INFO]    [MetaProViz] For the condition HK2, NA % of the metabolites follow a normal distribution and NA % of the metabolites are not-normally distributed according to the Shapiro-test. You have chosen lmFit, which is for non-parametric hypothesis testing. `shapiro.test` ignores missing values in the calculation.
[2026-10-06 14:48:48] [INFO]    [MetaProViz] Histogram: binwidth 0.5 would need 89646780090 bins, using 30 bins instead.
[2026-10-06 14:48:48] [INFO]    [MetaProViz] For the condition 786-O, 79.89 % of the metabolites follow a normal distribution and 20.11 % of the metabolites are not-normally distributed according to the Shapiro-test. You have chosen lmFit, which is for non-parametric hypothesis testing. `shapiro.test` ignores missing values in the calculation.
[2026-10-06 14:48:48] [INFO]    [MetaProViz] Histogram: binwidth 0.5 would need 104105919938 bins, using 30 bins instead.
[2026-10-06 14:48:48] [INFO]    [MetaProViz] For the condition 786-M1A, 83.70 % of the metabolites follow a normal distribution and 16.30 % of the metabolites are not-normally distributed according to the Shapiro-test. You have chosen lmFit, which is for non-parametric hypothesis testing. `shapiro.test` ignores missing values in the calculation.
[2026-10-06 14:48:48] [INFO]    [MetaProViz] Histogram: binwidth 0.5 would need 102467679216 bins, using 30 bins instead.
[2026-10-06 14:48:49] [INFO]    [MetaProViz] For the condition 786-M2A, 81.52 % of the metabolites follow a normal distribution and 18.48 % of the metabolites are not-normally distributed according to the Shapiro-test. You have chosen lmFit, which is for non-parametric hypothesis testing. `shapiro.test` ignores missing values in the calculation.
[2026-10-06 14:48:49] [INFO]    [MetaProViz] Histogram: binwidth 0.5 would need 89407485496 bins, using 30 bins instead.
[2026-10-06 14:48:49] [INFO]    [MetaProViz] For the condition Pool, 93.48 % of the metabolites follow a normal distribution and 6.52 % of the metabolites are not-normally distributed according to the Shapiro-test. You have chosen lmFit, which is for non-parametric hypothesis testing. `shapiro.test` ignores missing values in the calculation.
[2026-10-06 14:48:49] [INFO]    [MetaProViz] Histogram: binwidth 0.5 would need 94345720109 bins, using 30 bins instead.
[2026-10-06 14:48:51] [INFO]    [MetaProViz] No conditions were specified as numerator and `HK2` was selected as denumerator. Performing multiple testing `all-vs-one` using `lmFit`.
[2026-10-06 14:48:51] [TRACE]   [MetaProViz] The plot has title, adjusting layout to accommodate it.
[2026-10-06 14:48:51] [TRACE]   [MetaProViz] Parsing unit from `0.5cm`
[2026-10-06 14:48:51] [TRACE]   [MetaProViz] Parsing unit from `12`
[2026-10-06 14:48:51] [TRACE]   [MetaProViz] Parsing unit from `11`
[2026-10-06 14:48:51] [TRACE]   [MetaProViz] Parsing unit from `6cm`
[2026-10-06 14:48:51] [TRACE]   [MetaProViz] Setting widths[7] to 6cm [name=axis-b, offset=0, empty=FALSE, original=1null]
[2026-10-06 14:48:51] [TRACE]   [MetaProViz] Parsing unit from `0cm`
[2026-10-06 14:48:51] [TRACE]   [MetaProViz] Setting widths[1] to 0cm [name=ylab-l, offset=-4, empty=FALSE, original=12points]
[2026-10-06 14:48:51] [TRACE]   [MetaProViz] Parsing unit from `1cm`
[2026-10-06 14:48:51] [TRACE]   [MetaProViz] Setting widths[6] to 1cm [name=axis-l, offset=0, empty=FALSE, original=sum(0cm, 1null, 0.561165983464786cm, 0null, max(0points, -0.210875882108759cm), 0.210875882108759cm)]
[2026-10-06 14:48:51] [TRACE]   [MetaProViz] Parsing unit from `1cm`
[2026-10-06 14:48:51] [TRACE]   [MetaProViz] Setting widths[5] to 1cm [name=ylab-l, offset=0, empty=FALSE, original=1grobwidth]
[2026-10-06 14:48:51] [TRACE]   [MetaProViz] Parsing unit from `0cm`
[2026-10-06 14:48:51] [TRACE]   [MetaProViz] Setting widths[3] to 0cm [name=guide-box-left, offset=0, empty=FALSE, original=0cm]
[2026-10-06 14:48:51] [TRACE]   [MetaProViz] Parsing unit from `0cm`
[2026-10-06 14:48:51] [TRACE]   [MetaProViz] Setting widths[8] to 0cm [name=axis-r, offset=0, empty=FALSE, original=0cm]
[2026-10-06 14:48:51] [TRACE]   [MetaProViz] Parsing unit from `0cm`
[2026-10-06 14:48:51] [TRACE]   [MetaProViz] Setting widths[9] to 0cm [name=ylab-r, offset=0, empty=FALSE, original=0cm]
[2026-10-06 14:48:51] [TRACE]   [MetaProViz] Parsing unit from `1cm`
[2026-10-06 14:48:51] [TRACE]   [MetaProViz] Setting widths[4] to 1cm [name=ylab-l, offset=-1, empty=TRUE, original=0points]
[2026-10-06 14:48:51] [TRACE]   [MetaProViz] Parsing unit from `1cm`
[2026-10-06 14:48:51] [TRACE]   [MetaProViz] Setting widths[11] to 1cm [name=guide-box-right, offset=0, empty=FALSE, original=0cm]
[2026-10-06 14:48:51] [TRACE]   [MetaProViz] Parsing unit from `8cm`
[2026-10-06 14:48:51] [TRACE]   [MetaProViz] Setting heights[9] to 8cm [name=axis-l, offset=0, empty=FALSE, original=1null]
[2026-10-06 14:48:51] [TRACE]   [MetaProViz] Parsing unit from `0.75cm`
[2026-10-06 14:48:51] [TRACE]   [MetaProViz] Setting heights[10] to 0.75cm [name=axis-b, offset=0, empty=FALSE, original=sum(0.210875882108759cm, max(0points, -0.210875882108759cm), 0null, 0.521478483464784cm, 1null, 0cm)]
[2026-10-06 14:48:51] [TRACE]   [MetaProViz] Parsing unit from `0.75cm`
[2026-10-06 14:48:51] [TRACE]   [MetaProViz] Setting heights[11] to 0.75cm [name=xlab-b, offset=0, empty=FALSE, original=1grobheight]
[2026-10-06 14:48:51] [TRACE]   [MetaProViz] Parsing unit from `0cm`
[2026-10-06 14:48:51] [TRACE]   [MetaProViz] Setting heights[1] to 0cm [name=title, offset=-2, empty=FALSE, original=12points]
[2026-10-06 14:48:51] [TRACE]   [MetaProViz] Parsing unit from `0cm`
[2026-10-06 14:48:51] [TRACE]   [MetaProViz] Setting heights[2] to 0cm [name=title, offset=-1, empty=TRUE, original=0points]
[2026-10-06 14:48:51] [TRACE]   [MetaProViz] Parsing unit from `0.25cm`
[2026-10-06 14:48:51] [TRACE]   [MetaProViz] Setting heights[3] to 0.25cm [name=title, offset=0, empty=FALSE, original=1grobheight]
[2026-10-06 14:48:51] [TRACE]   [MetaProViz] Parsing unit from `0cm`
[2026-10-06 14:48:51] [TRACE]   [MetaProViz] Setting heights[4] to 0cm [name=subtitle, offset=0, empty=FALSE, original=1grobheight]
[2026-10-06 14:48:51] [TRACE]   [MetaProViz] Parsing unit from `0cm`
[2026-10-06 14:48:51] [TRACE]   [MetaProViz] Setting heights[5] to 0cm [name=guide-box-top, offset=0, empty=FALSE, original=0cm]
[2026-10-06 14:48:51] [TRACE]   [MetaProViz] Parsing unit from `0cm`
[2026-10-06 14:48:51] [TRACE]   [MetaProViz] Setting heights[6] to 0cm [name=xlab-t, offset=-1, empty=TRUE, original=0points]
[2026-10-06 14:48:51] [TRACE]   [MetaProViz] Setting heights[3] to 0.5cm [name=title, main, offset=0, empty=FALSE, original=0.25cm]
[2026-10-06 14:48:51] [TRACE]   [MetaProViz] Parsing unit from `0.5cm`
[2026-10-06 14:48:51] [TRACE]   [MetaProViz] Setting heights[4] to 0.5cm [name=subtitle, main, offset=0, empty=FALSE, original=0cm]
[2026-10-06 14:48:51] [TRACE]   [MetaProViz] Parsing unit from `-0.70cm`
[2026-10-06 14:48:51] [TRACE]   [MetaProViz] Setting widths[11] to max(-0.7cm, 1cm) [name=guide-box-right, legend, offset=0, empty=FALSE, original=1cm]
[2026-10-06 14:48:51] [TRACE]   [MetaProViz] Sum of heights: 12.00, sum of widths: 12.00
[2026-10-06 14:48:51] [TRACE]   [MetaProViz] The plot has title, adjusting layout to accommodate it.
[2026-10-06 14:48:51] [TRACE]   [MetaProViz] Parsing unit from `0.5cm`
[2026-10-06 14:48:51] [TRACE]   [MetaProViz] Parsing unit from `12`
[2026-10-06 14:48:51] [TRACE]   [MetaProViz] Parsing unit from `11`
[2026-10-06 14:48:51] [TRACE]   [MetaProViz] Parsing unit from `6cm`
[2026-10-06 14:48:51] [TRACE]   [MetaProViz] Setting widths[7] to 6cm [name=axis-b, offset=0, empty=FALSE, original=1null]
[2026-10-06 14:48:51] [TRACE]   [MetaProViz] Parsing unit from `0cm`
[2026-10-06 14:48:51] [TRACE]   [MetaProViz] Setting widths[1] to 0cm [name=ylab-l, offset=-4, empty=FALSE, original=12points]
[2026-10-06 14:48:51] [TRACE]   [MetaProViz] Parsing unit from `1cm`
[2026-10-06 14:48:51] [TRACE]   [MetaProViz] Setting widths[6] to 1cm [name=axis-l, offset=0, empty=FALSE, original=sum(0cm, 1null, 0.561165983464786cm, 0null, max(0points, -0.210875882108759cm), 0.210875882108759cm)]
[2026-10-06 14:48:51] [TRACE]   [MetaProViz] Parsing unit from `1cm`
[2026-10-06 14:48:51] [TRACE]   [MetaProViz] Setting widths[5] to 1cm [name=ylab-l, offset=0, empty=FALSE, original=1grobwidth]
[2026-10-06 14:48:51] [TRACE]   [MetaProViz] Parsing unit from `0cm`
[2026-10-06 14:48:51] [TRACE]   [MetaProViz] Setting widths[3] to 0cm [name=guide-box-left, offset=0, empty=FALSE, original=0cm]
[2026-10-06 14:48:51] [TRACE]   [MetaProViz] Parsing unit from `0cm`
[2026-10-06 14:48:51] [TRACE]   [MetaProViz] Setting widths[8] to 0cm [name=axis-r, offset=0, empty=FALSE, original=0cm]
[2026-10-06 14:48:51] [TRACE]   [MetaProViz] Parsing unit from `0cm`
[2026-10-06 14:48:51] [TRACE]   [MetaProViz] Setting widths[9] to 0cm [name=ylab-r, offset=0, empty=FALSE, original=0cm]
[2026-10-06 14:48:51] [TRACE]   [MetaProViz] Parsing unit from `1cm`
[2026-10-06 14:48:51] [TRACE]   [MetaProViz] Setting widths[4] to 1cm [name=ylab-l, offset=-1, empty=TRUE, original=0points]
[2026-10-06 14:48:51] [TRACE]   [MetaProViz] Parsing unit from `1cm`
[2026-10-06 14:48:51] [TRACE]   [MetaProViz] Setting widths[11] to 1cm [name=guide-box-right, offset=0, empty=FALSE, original=0cm]
[2026-10-06 14:48:51] [TRACE]   [MetaProViz] Parsing unit from `8cm`
[2026-10-06 14:48:51] [TRACE]   [MetaProViz] Setting heights[9] to 8cm [name=axis-l, offset=0, empty=FALSE, original=1null]
[2026-10-06 14:48:51] [TRACE]   [MetaProViz] Parsing unit from `0.75cm`
[2026-10-06 14:48:51] [TRACE]   [MetaProViz] Setting heights[10] to 0.75cm [name=axis-b, offset=0, empty=FALSE, original=sum(0.210875882108759cm, max(0points, -0.210875882108759cm), 0null, 0.521478483464784cm, 1null, 0cm)]
[2026-10-06 14:48:51] [TRACE]   [MetaProViz] Parsing unit from `0.75cm`
[2026-10-06 14:48:51] [TRACE]   [MetaProViz] Setting heights[11] to 0.75cm [name=xlab-b, offset=0, empty=FALSE, original=1grobheight]
[2026-10-06 14:48:51] [TRACE]   [MetaProViz] Parsing unit from `0cm`
[2026-10-06 14:48:51] [TRACE]   [MetaProViz] Setting heights[1] to 0cm [name=title, offset=-2, empty=FALSE, original=12points]
[2026-10-06 14:48:51] [TRACE]   [MetaProViz] Parsing unit from `0cm`
[2026-10-06 14:48:51] [TRACE]   [MetaProViz] Setting heights[2] to 0cm [name=title, offset=-1, empty=TRUE, original=0points]
[2026-10-06 14:48:51] [TRACE]   [MetaProViz] Parsing unit from `0.25cm`
[2026-10-06 14:48:51] [TRACE]   [MetaProViz] Setting heights[3] to 0.25cm [name=title, offset=0, empty=FALSE, original=1grobheight]
[2026-10-06 14:48:51] [TRACE]   [MetaProViz] Parsing unit from `0cm`
[2026-10-06 14:48:51] [TRACE]   [MetaProViz] Setting heights[4] to 0cm [name=subtitle, offset=0, empty=FALSE, original=1grobheight]
[2026-10-06 14:48:51] [TRACE]   [MetaProViz] Parsing unit from `0cm`
[2026-10-06 14:48:51] [TRACE]   [MetaProViz] Setting heights[5] to 0cm [name=guide-box-top, offset=0, empty=FALSE, original=0cm]
[2026-10-06 14:48:51] [TRACE]   [MetaProViz] Parsing unit from `0cm`
[2026-10-06 14:48:51] [TRACE]   [MetaProViz] Setting heights[6] to 0cm [name=xlab-t, offset=-1, empty=TRUE, original=0points]
[2026-10-06 14:48:51] [TRACE]   [MetaProViz] Setting heights[3] to 0.5cm [name=title, main, offset=0, empty=FALSE, original=0.25cm]
[2026-10-06 14:48:51] [TRACE]   [MetaProViz] Parsing unit from `0.5cm`
[2026-10-06 14:48:51] [TRACE]   [MetaProViz] Setting heights[4] to 0.5cm [name=subtitle, main, offset=0, empty=FALSE, original=0cm]
[2026-10-06 14:48:51] [TRACE]   [MetaProViz] Parsing unit from `-0.70cm`
[2026-10-06 14:48:51] [TRACE]   [MetaProViz] Setting widths[11] to max(-0.7cm, 1cm) [name=guide-box-right, legend, offset=0, empty=FALSE, original=1cm]
[2026-10-06 14:48:51] [TRACE]   [MetaProViz] Sum of heights: 12.00, sum of widths: 12.00
[2026-10-06 14:48:52] [TRACE]   [MetaProViz] The plot has title, adjusting layout to accommodate it.
[2026-10-06 14:48:52] [TRACE]   [MetaProViz] Parsing unit from `0.5cm`
[2026-10-06 14:48:52] [TRACE]   [MetaProViz] Parsing unit from `12`
[2026-10-06 14:48:52] [TRACE]   [MetaProViz] Parsing unit from `11`
[2026-10-06 14:48:52] [TRACE]   [MetaProViz] Parsing unit from `6cm`
[2026-10-06 14:48:52] [TRACE]   [MetaProViz] Setting widths[7] to 6cm [name=axis-b, offset=0, empty=FALSE, original=1null]
[2026-10-06 14:48:52] [TRACE]   [MetaProViz] Parsing unit from `0cm`
[2026-10-06 14:48:52] [TRACE]   [MetaProViz] Setting widths[1] to 0cm [name=ylab-l, offset=-4, empty=FALSE, original=12points]
[2026-10-06 14:48:52] [TRACE]   [MetaProViz] Parsing unit from `1cm`
[2026-10-06 14:48:52] [TRACE]   [MetaProViz] Setting widths[6] to 1cm [name=axis-l, offset=0, empty=FALSE, original=sum(0cm, 1null, 0.561165983464786cm, 0null, max(0points, -0.210875882108759cm), 0.210875882108759cm)]
[2026-10-06 14:48:52] [TRACE]   [MetaProViz] Parsing unit from `1cm`
[2026-10-06 14:48:52] [TRACE]   [MetaProViz] Setting widths[5] to 1cm [name=ylab-l, offset=0, empty=FALSE, original=1grobwidth]
[2026-10-06 14:48:52] [TRACE]   [MetaProViz] Parsing unit from `0cm`
[2026-10-06 14:48:52] [TRACE]   [MetaProViz] Setting widths[3] to 0cm [name=guide-box-left, offset=0, empty=FALSE, original=0cm]
[2026-10-06 14:48:52] [TRACE]   [MetaProViz] Parsing unit from `0cm`
[2026-10-06 14:48:52] [TRACE]   [MetaProViz] Setting widths[8] to 0cm [name=axis-r, offset=0, empty=FALSE, original=0cm]
[2026-10-06 14:48:52] [TRACE]   [MetaProViz] Parsing unit from `0cm`
[2026-10-06 14:48:52] [TRACE]   [MetaProViz] Setting widths[9] to 0cm [name=ylab-r, offset=0, empty=FALSE, original=0cm]
[2026-10-06 14:48:52] [TRACE]   [MetaProViz] Parsing unit from `1cm`
[2026-10-06 14:48:52] [TRACE]   [MetaProViz] Setting widths[4] to 1cm [name=ylab-l, offset=-1, empty=TRUE, original=0points]
[2026-10-06 14:48:52] [TRACE]   [MetaProViz] Parsing unit from `1cm`
[2026-10-06 14:48:52] [TRACE]   [MetaProViz] Setting widths[11] to 1cm [name=guide-box-right, offset=0, empty=FALSE, original=0cm]
[2026-10-06 14:48:52] [TRACE]   [MetaProViz] Parsing unit from `8cm`
[2026-10-06 14:48:52] [TRACE]   [MetaProViz] Setting heights[9] to 8cm [name=axis-l, offset=0, empty=FALSE, original=1null]
[2026-10-06 14:48:52] [TRACE]   [MetaProViz] Parsing unit from `0.75cm`
[2026-10-06 14:48:52] [TRACE]   [MetaProViz] Setting heights[10] to 0.75cm [name=axis-b, offset=0, empty=FALSE, original=sum(0.210875882108759cm, max(0points, -0.210875882108759cm), 0null, 0.521478483464784cm, 1null, 0cm)]
[2026-10-06 14:48:52] [TRACE]   [MetaProViz] Parsing unit from `0.75cm`
[2026-10-06 14:48:52] [TRACE]   [MetaProViz] Setting heights[11] to 0.75cm [name=xlab-b, offset=0, empty=FALSE, original=1grobheight]
[2026-10-06 14:48:52] [TRACE]   [MetaProViz] Parsing unit from `0cm`
[2026-10-06 14:48:52] [TRACE]   [MetaProViz] Setting heights[1] to 0cm [name=title, offset=-2, empty=FALSE, original=12points]
[2026-10-06 14:48:52] [TRACE]   [MetaProViz] Parsing unit from `0cm`
[2026-10-06 14:48:52] [TRACE]   [MetaProViz] Setting heights[2] to 0cm [name=title, offset=-1, empty=TRUE, original=0points]
[2026-10-06 14:48:52] [TRACE]   [MetaProViz] Parsing unit from `0.25cm`
[2026-10-06 14:48:52] [TRACE]   [MetaProViz] Setting heights[3] to 0.25cm [name=title, offset=0, empty=FALSE, original=1grobheight]
[2026-10-06 14:48:52] [TRACE]   [MetaProViz] Parsing unit from `0cm`
[2026-10-06 14:48:52] [TRACE]   [MetaProViz] Setting heights[4] to 0cm [name=subtitle, offset=0, empty=FALSE, original=1grobheight]
[2026-10-06 14:48:52] [TRACE]   [MetaProViz] Parsing unit from `0cm`
[2026-10-06 14:48:52] [TRACE]   [MetaProViz] Setting heights[5] to 0cm [name=guide-box-top, offset=0, empty=FALSE, original=0cm]
[2026-10-06 14:48:52] [TRACE]   [MetaProViz] Parsing unit from `0cm`
[2026-10-06 14:48:52] [TRACE]   [MetaProViz] Setting heights[6] to 0cm [name=xlab-t, offset=-1, empty=TRUE, original=0points]
[2026-10-06 14:48:52] [TRACE]   [MetaProViz] Setting heights[3] to 0.5cm [name=title, main, offset=0, empty=FALSE, original=0.25cm]
[2026-10-06 14:48:52] [TRACE]   [MetaProViz] Parsing unit from `0.5cm`
[2026-10-06 14:48:52] [TRACE]   [MetaProViz] Setting heights[4] to 0.5cm [name=subtitle, main, offset=0, empty=FALSE, original=0cm]
[2026-10-06 14:48:52] [TRACE]   [MetaProViz] Parsing unit from `-0.70cm`
[2026-10-06 14:48:52] [TRACE]   [MetaProViz] Setting widths[11] to max(-0.7cm, 1cm) [name=guide-box-right, legend, offset=0, empty=FALSE, original=1cm]
[2026-10-06 14:48:52] [TRACE]   [MetaProViz] Sum of heights: 12.00, sum of widths: 12.00
[2026-10-06 14:48:52] [TRACE]   [MetaProViz] The plot has title, adjusting layout to accommodate it.
[2026-10-06 14:48:52] [TRACE]   [MetaProViz] Parsing unit from `0.5cm`
[2026-10-06 14:48:52] [TRACE]   [MetaProViz] Parsing unit from `12`
[2026-10-06 14:48:52] [TRACE]   [MetaProViz] Parsing unit from `11`
[2026-10-06 14:48:52] [TRACE]   [MetaProViz] Parsing unit from `6cm`
[2026-10-06 14:48:52] [TRACE]   [MetaProViz] Setting widths[7] to 6cm [name=axis-b, offset=0, empty=FALSE, original=1null]
[2026-10-06 14:48:52] [TRACE]   [MetaProViz] Parsing unit from `0cm`
[2026-10-06 14:48:52] [TRACE]   [MetaProViz] Setting widths[1] to 0cm [name=ylab-l, offset=-4, empty=FALSE, original=12points]
[2026-10-06 14:48:52] [TRACE]   [MetaProViz] Parsing unit from `1cm`
[2026-10-06 14:48:52] [TRACE]   [MetaProViz] Setting widths[6] to 1cm [name=axis-l, offset=0, empty=FALSE, original=sum(0cm, 1null, 0.561165983464786cm, 0null, max(0points, -0.210875882108759cm), 0.210875882108759cm)]
[2026-10-06 14:48:52] [TRACE]   [MetaProViz] Parsing unit from `1cm`
[2026-10-06 14:48:52] [TRACE]   [MetaProViz] Setting widths[5] to 1cm [name=ylab-l, offset=0, empty=FALSE, original=1grobwidth]
[2026-10-06 14:48:52] [TRACE]   [MetaProViz] Parsing unit from `0cm`
[2026-10-06 14:48:52] [TRACE]   [MetaProViz] Setting widths[3] to 0cm [name=guide-box-left, offset=0, empty=FALSE, original=0cm]
[2026-10-06 14:48:52] [TRACE]   [MetaProViz] Parsing unit from `0cm`
[2026-10-06 14:48:52] [TRACE]   [MetaProViz] Setting widths[8] to 0cm [name=axis-r, offset=0, empty=FALSE, original=0cm]
[2026-10-06 14:48:52] [TRACE]   [MetaProViz] Parsing unit from `0cm`
[2026-10-06 14:48:52] [TRACE]   [MetaProViz] Setting widths[9] to 0cm [name=ylab-r, offset=0, empty=FALSE, original=0cm]
[2026-10-06 14:48:52] [TRACE]   [MetaProViz] Parsing unit from `1cm`
[2026-10-06 14:48:52] [TRACE]   [MetaProViz] Setting widths[4] to 1cm [name=ylab-l, offset=-1, empty=TRUE, original=0points]
[2026-10-06 14:48:52] [TRACE]   [MetaProViz] Parsing unit from `1cm`
[2026-10-06 14:48:52] [TRACE]   [MetaProViz] Setting widths[11] to 1cm [name=guide-box-right, offset=0, empty=FALSE, original=0cm]
[2026-10-06 14:48:52] [TRACE]   [MetaProViz] Parsing unit from `8cm`
[2026-10-06 14:48:52] [TRACE]   [MetaProViz] Setting heights[9] to 8cm [name=axis-l, offset=0, empty=FALSE, original=1null]
[2026-10-06 14:48:52] [TRACE]   [MetaProViz] Parsing unit from `0.75cm`
[2026-10-06 14:48:52] [TRACE]   [MetaProViz] Setting heights[10] to 0.75cm [name=axis-b, offset=0, empty=FALSE, original=sum(0.210875882108759cm, max(0points, -0.210875882108759cm), 0null, 0.521478483464784cm, 1null, 0cm)]
[2026-10-06 14:48:52] [TRACE]   [MetaProViz] Parsing unit from `0.75cm`
[2026-10-06 14:48:52] [TRACE]   [MetaProViz] Setting heights[11] to 0.75cm [name=xlab-b, offset=0, empty=FALSE, original=1grobheight]
[2026-10-06 14:48:52] [TRACE]   [MetaProViz] Parsing unit from `0cm`
[2026-10-06 14:48:52] [TRACE]   [MetaProViz] Setting heights[1] to 0cm [name=title, offset=-2, empty=FALSE, original=12points]
[2026-10-06 14:48:52] [TRACE]   [MetaProViz] Parsing unit from `0cm`
[2026-10-06 14:48:52] [TRACE]   [MetaProViz] Setting heights[2] to 0cm [name=title, offset=-1, empty=TRUE, original=0points]
[2026-10-06 14:48:52] [TRACE]   [MetaProViz] Parsing unit from `0.25cm`
[2026-10-06 14:48:52] [TRACE]   [MetaProViz] Setting heights[3] to 0.25cm [name=title, offset=0, empty=FALSE, original=1grobheight]
[2026-10-06 14:48:52] [TRACE]   [MetaProViz] Parsing unit from `0cm`
[2026-10-06 14:48:52] [TRACE]   [MetaProViz] Setting heights[4] to 0cm [name=subtitle, offset=0, empty=FALSE, original=1grobheight]
[2026-10-06 14:48:52] [TRACE]   [MetaProViz] Parsing unit from `0cm`
[2026-10-06 14:48:52] [TRACE]   [MetaProViz] Setting heights[5] to 0cm [name=guide-box-top, offset=0, empty=FALSE, original=0cm]
[2026-10-06 14:48:52] [TRACE]   [MetaProViz] Parsing unit from `0cm`
[2026-10-06 14:48:52] [TRACE]   [MetaProViz] Setting heights[6] to 0cm [name=xlab-t, offset=-1, empty=TRUE, original=0points]
[2026-10-06 14:48:52] [TRACE]   [MetaProViz] Setting heights[3] to 0.5cm [name=title, main, offset=0, empty=FALSE, original=0.25cm]
[2026-10-06 14:48:52] [TRACE]   [MetaProViz] Parsing unit from `0.5cm`
[2026-10-06 14:48:52] [TRACE]   [MetaProViz] Setting heights[4] to 0.5cm [name=subtitle, main, offset=0, empty=FALSE, original=0cm]
[2026-10-06 14:48:52] [TRACE]   [MetaProViz] Parsing unit from `-0.70cm`
[2026-10-06 14:48:52] [TRACE]   [MetaProViz] Setting widths[11] to max(-0.7cm, 1cm) [name=guide-box-right, legend, offset=0, empty=FALSE, original=1cm]
[2026-10-06 14:48:52] [TRACE]   [MetaProViz] Sum of heights: 12.00, sum of widths: 12.00
[2026-10-06 14:48:56] [INFO]    [MetaProViz] dma: Differential metabolite analysis.
[2026-10-06 14:48:56] [INFO]    [MetaProViz] In `Numerator` 786-O, 786-M1A, 786-M2A, NA/0 values exist in 5 Metabolite(s). and in `denominator`HK2 2 Metabolite(s
).. Those metabolite(s) might return p.val = NA, p.adj.= NA, t.val = NA. The Log2FC = Inf, if all replicates are 0/NA.
[2026-10-06 14:48:56] [WARN]    [MetaProViz] There are NA's / 0s in the data. This can impact the output of the SHapiro-Wilk test for all metabolites that include NAs / 0s.
[2026-10-06 14:48:56] [INFO]    [MetaProViz] For the condition HK2, NA % of the metabolites follow a normal distribution and NA % of the metabolites are not-normally distributed according to the Shapiro-test. You have chosen lmFit, which is for non-parametric hypothesis testing. `shapiro.test` ignores missing values in the calculation.
[2026-10-06 14:48:56] [INFO]    [MetaProViz] Histogram: binwidth 0.5 would need 89646780090 bins, using 30 bins instead.
[2026-10-06 14:48:56] [INFO]    [MetaProViz] For the condition 786-O, 79.89 % of the metabolites follow a normal distribution and 20.11 % of the metabolites are not-normally distributed according to the Shapiro-test. You have chosen lmFit, which is for non-parametric hypothesis testing. `shapiro.test` ignores missing values in the calculation.
[2026-10-06 14:48:56] [INFO]    [MetaProViz] Histogram: binwidth 0.5 would need 104105919938 bins, using 30 bins instead.
[2026-10-06 14:48:56] [INFO]    [MetaProViz] For the condition 786-M1A, 83.70 % of the metabolites follow a normal distribution and 16.30 % of the metabolites are not-normally distributed according to the Shapiro-test. You have chosen lmFit, which is for non-parametric hypothesis testing. `shapiro.test` ignores missing values in the calculation.
[2026-10-06 14:48:56] [INFO]    [MetaProViz] Histogram: binwidth 0.5 would need 102467679216 bins, using 30 bins instead.
[2026-10-06 14:48:57] [INFO]    [MetaProViz] For the condition 786-M2A, 81.52 % of the metabolites follow a normal distribution and 18.48 % of the metabolites are not-normally distributed according to the Shapiro-test. You have chosen lmFit, which is for non-parametric hypothesis testing. `shapiro.test` ignores missing values in the calculation.
[2026-10-06 14:48:57] [INFO]    [MetaProViz] Histogram: binwidth 0.5 would need 89407485496 bins, using 30 bins instead.
[2026-10-06 14:48:58] [INFO]    [MetaProViz] No conditions were specified as numerator and `HK2` was selected as denumerator. Performing multiple testing `all-vs-one` using `lmFit`.
[2026-10-06 14:48:58] [TRACE]   [MetaProViz] The plot has title, adjusting layout to accommodate it.
[2026-10-06 14:48:58] [TRACE]   [MetaProViz] Parsing unit from `0.5cm`
[2026-10-06 14:48:58] [TRACE]   [MetaProViz] Parsing unit from `12`
[2026-10-06 14:48:58] [TRACE]   [MetaProViz] Parsing unit from `11`
[2026-10-06 14:48:58] [TRACE]   [MetaProViz] Parsing unit from `6cm`
[2026-10-06 14:48:58] [TRACE]   [MetaProViz] Setting widths[7] to 6cm [name=axis-b, offset=0, empty=FALSE, original=1null]
[2026-10-06 14:48:58] [TRACE]   [MetaProViz] Parsing unit from `0cm`
[2026-10-06 14:48:58] [TRACE]   [MetaProViz] Setting widths[1] to 0cm [name=ylab-l, offset=-4, empty=FALSE, original=12points]
[2026-10-06 14:48:58] [TRACE]   [MetaProViz] Parsing unit from `1cm`
[2026-10-06 14:48:58] [TRACE]   [MetaProViz] Setting widths[6] to 1cm [name=axis-l, offset=0, empty=FALSE, original=sum(0cm, 1null, 0.561165983464786cm, 0null, max(0points, -0.210875882108759cm), 0.210875882108759cm)]
[2026-10-06 14:48:58] [TRACE]   [MetaProViz] Parsing unit from `1cm`
[2026-10-06 14:48:58] [TRACE]   [MetaProViz] Setting widths[5] to 1cm [name=ylab-l, offset=0, empty=FALSE, original=1grobwidth]
[2026-10-06 14:48:58] [TRACE]   [MetaProViz] Parsing unit from `0cm`
[2026-10-06 14:48:58] [TRACE]   [MetaProViz] Setting widths[3] to 0cm [name=guide-box-left, offset=0, empty=FALSE, original=0cm]
[2026-10-06 14:48:58] [TRACE]   [MetaProViz] Parsing unit from `0cm`
[2026-10-06 14:48:58] [TRACE]   [MetaProViz] Setting widths[8] to 0cm [name=axis-r, offset=0, empty=FALSE, original=0cm]
[2026-10-06 14:48:58] [TRACE]   [MetaProViz] Parsing unit from `0cm`
[2026-10-06 14:48:58] [TRACE]   [MetaProViz] Setting widths[9] to 0cm [name=ylab-r, offset=0, empty=FALSE, original=0cm]
[2026-10-06 14:48:58] [TRACE]   [MetaProViz] Parsing unit from `1cm`
[2026-10-06 14:48:58] [TRACE]   [MetaProViz] Setting widths[4] to 1cm [name=ylab-l, offset=-1, empty=TRUE, original=0points]
[2026-10-06 14:48:58] [TRACE]   [MetaProViz] Parsing unit from `1cm`
[2026-10-06 14:48:58] [TRACE]   [MetaProViz] Setting widths[11] to 1cm [name=guide-box-right, offset=0, empty=FALSE, original=0cm]
[2026-10-06 14:48:58] [TRACE]   [MetaProViz] Parsing unit from `8cm`
[2026-10-06 14:48:58] [TRACE]   [MetaProViz] Setting heights[9] to 8cm [name=axis-l, offset=0, empty=FALSE, original=1null]
[2026-10-06 14:48:58] [TRACE]   [MetaProViz] Parsing unit from `0.75cm`
[2026-10-06 14:48:58] [TRACE]   [MetaProViz] Setting heights[10] to 0.75cm [name=axis-b, offset=0, empty=FALSE, original=sum(0.210875882108759cm, max(0points, -0.210875882108759cm), 0null, 0.521478483464784cm, 1null, 0cm)]
[2026-10-06 14:48:58] [TRACE]   [MetaProViz] Parsing unit from `0.75cm`
[2026-10-06 14:48:58] [TRACE]   [MetaProViz] Setting heights[11] to 0.75cm [name=xlab-b, offset=0, empty=FALSE, original=1grobheight]
[2026-10-06 14:48:58] [TRACE]   [MetaProViz] Parsing unit from `0cm`
[2026-10-06 14:48:58] [TRACE]   [MetaProViz] Setting heights[1] to 0cm [name=title, offset=-2, empty=FALSE, original=12points]
[2026-10-06 14:48:58] [TRACE]   [MetaProViz] Parsing unit from `0cm`
[2026-10-06 14:48:58] [TRACE]   [MetaProViz] Setting heights[2] to 0cm [name=title, offset=-1, empty=TRUE, original=0points]
[2026-10-06 14:48:58] [TRACE]   [MetaProViz] Parsing unit from `0.25cm`
[2026-10-06 14:48:58] [TRACE]   [MetaProViz] Setting heights[3] to 0.25cm [name=title, offset=0, empty=FALSE, original=1grobheight]
[2026-10-06 14:48:58] [TRACE]   [MetaProViz] Parsing unit from `0cm`
[2026-10-06 14:48:58] [TRACE]   [MetaProViz] Setting heights[4] to 0cm [name=subtitle, offset=0, empty=FALSE, original=1grobheight]
[2026-10-06 14:48:58] [TRACE]   [MetaProViz] Parsing unit from `0cm`
[2026-10-06 14:48:58] [TRACE]   [MetaProViz] Setting heights[5] to 0cm [name=guide-box-top, offset=0, empty=FALSE, original=0cm]
[2026-10-06 14:48:58] [TRACE]   [MetaProViz] Parsing unit from `0cm`
[2026-10-06 14:48:58] [TRACE]   [MetaProViz] Setting heights[6] to 0cm [name=xlab-t, offset=-1, empty=TRUE, original=0points]
[2026-10-06 14:48:58] [TRACE]   [MetaProViz] Setting heights[3] to 0.5cm [name=title, main, offset=0, empty=FALSE, original=0.25cm]
[2026-10-06 14:48:58] [TRACE]   [MetaProViz] Parsing unit from `0.5cm`
[2026-10-06 14:48:58] [TRACE]   [MetaProViz] Setting heights[4] to 0.5cm [name=subtitle, main, offset=0, empty=FALSE, original=0cm]
[2026-10-06 14:48:58] [TRACE]   [MetaProViz] Parsing unit from `-0.70cm`
[2026-10-06 14:48:58] [TRACE]   [MetaProViz] Setting widths[11] to max(-0.7cm, 1cm) [name=guide-box-right, legend, offset=0, empty=FALSE, original=1cm]
[2026-10-06 14:48:58] [TRACE]   [MetaProViz] Sum of heights: 12.00, sum of widths: 12.00
[2026-10-06 14:48:59] [TRACE]   [MetaProViz] The plot has title, adjusting layout to accommodate it.
[2026-10-06 14:48:59] [TRACE]   [MetaProViz] Parsing unit from `0.5cm`
[2026-10-06 14:48:59] [TRACE]   [MetaProViz] Parsing unit from `12`
[2026-10-06 14:48:59] [TRACE]   [MetaProViz] Parsing unit from `11`
[2026-10-06 14:48:59] [TRACE]   [MetaProViz] Parsing unit from `6cm`
[2026-10-06 14:48:59] [TRACE]   [MetaProViz] Setting widths[7] to 6cm [name=axis-b, offset=0, empty=FALSE, original=1null]
[2026-10-06 14:48:59] [TRACE]   [MetaProViz] Parsing unit from `0cm`
[2026-10-06 14:48:59] [TRACE]   [MetaProViz] Setting widths[1] to 0cm [name=ylab-l, offset=-4, empty=FALSE, original=12points]
[2026-10-06 14:48:59] [TRACE]   [MetaProViz] Parsing unit from `1cm`
[2026-10-06 14:48:59] [TRACE]   [MetaProViz] Setting widths[6] to 1cm [name=axis-l, offset=0, empty=FALSE, original=sum(0cm, 1null, 0.561165983464786cm, 0null, max(0points, -0.210875882108759cm), 0.210875882108759cm)]
[2026-10-06 14:48:59] [TRACE]   [MetaProViz] Parsing unit from `1cm`
[2026-10-06 14:48:59] [TRACE]   [MetaProViz] Setting widths[5] to 1cm [name=ylab-l, offset=0, empty=FALSE, original=1grobwidth]
[2026-10-06 14:48:59] [TRACE]   [MetaProViz] Parsing unit from `0cm`
[2026-10-06 14:48:59] [TRACE]   [MetaProViz] Setting widths[3] to 0cm [name=guide-box-left, offset=0, empty=FALSE, original=0cm]
[2026-10-06 14:48:59] [TRACE]   [MetaProViz] Parsing unit from `0cm`
[2026-10-06 14:48:59] [TRACE]   [MetaProViz] Setting widths[8] to 0cm [name=axis-r, offset=0, empty=FALSE, original=0cm]
[2026-10-06 14:48:59] [TRACE]   [MetaProViz] Parsing unit from `0cm`
[2026-10-06 14:48:59] [TRACE]   [MetaProViz] Setting widths[9] to 0cm [name=ylab-r, offset=0, empty=FALSE, original=0cm]
[2026-10-06 14:48:59] [TRACE]   [MetaProViz] Parsing unit from `1cm`
[2026-10-06 14:48:59] [TRACE]   [MetaProViz] Setting widths[4] to 1cm [name=ylab-l, offset=-1, empty=TRUE, original=0points]
[2026-10-06 14:48:59] [TRACE]   [MetaProViz] Parsing unit from `1cm`
[2026-10-06 14:48:59] [TRACE]   [MetaProViz] Setting widths[11] to 1cm [name=guide-box-right, offset=0, empty=FALSE, original=0cm]
[2026-10-06 14:48:59] [TRACE]   [MetaProViz] Parsing unit from `8cm`
[2026-10-06 14:48:59] [TRACE]   [MetaProViz] Setting heights[9] to 8cm [name=axis-l, offset=0, empty=FALSE, original=1null]
[2026-10-06 14:48:59] [TRACE]   [MetaProViz] Parsing unit from `0.75cm`
[2026-10-06 14:48:59] [TRACE]   [MetaProViz] Setting heights[10] to 0.75cm [name=axis-b, offset=0, empty=FALSE, original=sum(0.210875882108759cm, max(0points, -0.210875882108759cm), 0null, 0.521478483464784cm, 1null, 0cm)]
[2026-10-06 14:48:59] [TRACE]   [MetaProViz] Parsing unit from `0.75cm`
[2026-10-06 14:48:59] [TRACE]   [MetaProViz] Setting heights[11] to 0.75cm [name=xlab-b, offset=0, empty=FALSE, original=1grobheight]
[2026-10-06 14:48:59] [TRACE]   [MetaProViz] Parsing unit from `0cm`
[2026-10-06 14:48:59] [TRACE]   [MetaProViz] Setting heights[1] to 0cm [name=title, offset=-2, empty=FALSE, original=12points]
[2026-10-06 14:48:59] [TRACE]   [MetaProViz] Parsing unit from `0cm`
[2026-10-06 14:48:59] [TRACE]   [MetaProViz] Setting heights[2] to 0cm [name=title, offset=-1, empty=TRUE, original=0points]
[2026-10-06 14:48:59] [TRACE]   [MetaProViz] Parsing unit from `0.25cm`
[2026-10-06 14:48:59] [TRACE]   [MetaProViz] Setting heights[3] to 0.25cm [name=title, offset=0, empty=FALSE, original=1grobheight]
[2026-10-06 14:48:59] [TRACE]   [MetaProViz] Parsing unit from `0cm`
[2026-10-06 14:48:59] [TRACE]   [MetaProViz] Setting heights[4] to 0cm [name=subtitle, offset=0, empty=FALSE, original=1grobheight]
[2026-10-06 14:48:59] [TRACE]   [MetaProViz] Parsing unit from `0cm`
[2026-10-06 14:48:59] [TRACE]   [MetaProViz] Setting heights[5] to 0cm [name=guide-box-top, offset=0, empty=FALSE, original=0cm]
[2026-10-06 14:48:59] [TRACE]   [MetaProViz] Parsing unit from `0cm`
[2026-10-06 14:48:59] [TRACE]   [MetaProViz] Setting heights[6] to 0cm [name=xlab-t, offset=-1, empty=TRUE, original=0points]
[2026-10-06 14:48:59] [TRACE]   [MetaProViz] Setting heights[3] to 0.5cm [name=title, main, offset=0, empty=FALSE, original=0.25cm]
[2026-10-06 14:48:59] [TRACE]   [MetaProViz] Parsing unit from `0.5cm`
[2026-10-06 14:48:59] [TRACE]   [MetaProViz] Setting heights[4] to 0.5cm [name=subtitle, main, offset=0, empty=FALSE, original=0cm]
[2026-10-06 14:48:59] [TRACE]   [MetaProViz] Parsing unit from `-0.70cm`
[2026-10-06 14:48:59] [TRACE]   [MetaProViz] Setting widths[11] to max(-0.7cm, 1cm) [name=guide-box-right, legend, offset=0, empty=FALSE, original=1cm]
[2026-10-06 14:48:59] [TRACE]   [MetaProViz] Sum of heights: 12.00, sum of widths: 12.00
[2026-10-06 14:48:59] [TRACE]   [MetaProViz] The plot has title, adjusting layout to accommodate it.
[2026-10-06 14:48:59] [TRACE]   [MetaProViz] Parsing unit from `0.5cm`
[2026-10-06 14:48:59] [TRACE]   [MetaProViz] Parsing unit from `12`
[2026-10-06 14:48:59] [TRACE]   [MetaProViz] Parsing unit from `11`
[2026-10-06 14:48:59] [TRACE]   [MetaProViz] Parsing unit from `6cm`
[2026-10-06 14:48:59] [TRACE]   [MetaProViz] Setting widths[7] to 6cm [name=axis-b, offset=0, empty=FALSE, original=1null]
[2026-10-06 14:48:59] [TRACE]   [MetaProViz] Parsing unit from `0cm`
[2026-10-06 14:48:59] [TRACE]   [MetaProViz] Setting widths[1] to 0cm [name=ylab-l, offset=-4, empty=FALSE, original=12points]
[2026-10-06 14:48:59] [TRACE]   [MetaProViz] Parsing unit from `1cm`
[2026-10-06 14:48:59] [TRACE]   [MetaProViz] Setting widths[6] to 1cm [name=axis-l, offset=0, empty=FALSE, original=sum(0cm, 1null, 0.561165983464786cm, 0null, max(0points, -0.210875882108759cm), 0.210875882108759cm)]
[2026-10-06 14:48:59] [TRACE]   [MetaProViz] Parsing unit from `1cm`
[2026-10-06 14:48:59] [TRACE]   [MetaProViz] Setting widths[5] to 1cm [name=ylab-l, offset=0, empty=FALSE, original=1grobwidth]
[2026-10-06 14:48:59] [TRACE]   [MetaProViz] Parsing unit from `0cm`
[2026-10-06 14:48:59] [TRACE]   [MetaProViz] Setting widths[3] to 0cm [name=guide-box-left, offset=0, empty=FALSE, original=0cm]
[2026-10-06 14:48:59] [TRACE]   [MetaProViz] Parsing unit from `0cm`
[2026-10-06 14:48:59] [TRACE]   [MetaProViz] Setting widths[8] to 0cm [name=axis-r, offset=0, empty=FALSE, original=0cm]
[2026-10-06 14:48:59] [TRACE]   [MetaProViz] Parsing unit from `0cm`
[2026-10-06 14:48:59] [TRACE]   [MetaProViz] Setting widths[9] to 0cm [name=ylab-r, offset=0, empty=FALSE, original=0cm]
[2026-10-06 14:48:59] [TRACE]   [MetaProViz] Parsing unit from `1cm`
[2026-10-06 14:48:59] [TRACE]   [MetaProViz] Setting widths[4] to 1cm [name=ylab-l, offset=-1, empty=TRUE, original=0points]
[2026-10-06 14:48:59] [TRACE]   [MetaProViz] Parsing unit from `1cm`
[2026-10-06 14:48:59] [TRACE]   [MetaProViz] Setting widths[11] to 1cm [name=guide-box-right, offset=0, empty=FALSE, original=0cm]
[2026-10-06 14:48:59] [TRACE]   [MetaProViz] Parsing unit from `8cm`
[2026-10-06 14:48:59] [TRACE]   [MetaProViz] Setting heights[9] to 8cm [name=axis-l, offset=0, empty=FALSE, original=1null]
[2026-10-06 14:48:59] [TRACE]   [MetaProViz] Parsing unit from `0.75cm`
[2026-10-06 14:48:59] [TRACE]   [MetaProViz] Setting heights[10] to 0.75cm [name=axis-b, offset=0, empty=FALSE, original=sum(0.210875882108759cm, max(0points, -0.210875882108759cm), 0null, 0.521478483464784cm, 1null, 0cm)]
[2026-10-06 14:48:59] [TRACE]   [MetaProViz] Parsing unit from `0.75cm`
[2026-10-06 14:48:59] [TRACE]   [MetaProViz] Setting heights[11] to 0.75cm [name=xlab-b, offset=0, empty=FALSE, original=1grobheight]
[2026-10-06 14:48:59] [TRACE]   [MetaProViz] Parsing unit from `0cm`
[2026-10-06 14:48:59] [TRACE]   [MetaProViz] Setting heights[1] to 0cm [name=title, offset=-2, empty=FALSE, original=12points]
[2026-10-06 14:48:59] [TRACE]   [MetaProViz] Parsing unit from `0cm`
[2026-10-06 14:48:59] [TRACE]   [MetaProViz] Setting heights[2] to 0cm [name=title, offset=-1, empty=TRUE, original=0points]
[2026-10-06 14:48:59] [TRACE]   [MetaProViz] Parsing unit from `0.25cm`
[2026-10-06 14:48:59] [TRACE]   [MetaProViz] Setting heights[3] to 0.25cm [name=title, offset=0, empty=FALSE, original=1grobheight]
[2026-10-06 14:48:59] [TRACE]   [MetaProViz] Parsing unit from `0cm`
[2026-10-06 14:48:59] [TRACE]   [MetaProViz] Setting heights[4] to 0cm [name=subtitle, offset=0, empty=FALSE, original=1grobheight]
[2026-10-06 14:48:59] [TRACE]   [MetaProViz] Parsing unit from `0cm`
[2026-10-06 14:48:59] [TRACE]   [MetaProViz] Setting heights[5] to 0cm [name=guide-box-top, offset=0, empty=FALSE, original=0cm]
[2026-10-06 14:48:59] [TRACE]   [MetaProViz] Parsing unit from `0cm`
[2026-10-06 14:48:59] [TRACE]   [MetaProViz] Setting heights[6] to 0cm [name=xlab-t, offset=-1, empty=TRUE, original=0points]
[2026-10-06 14:48:59] [TRACE]   [MetaProViz] Setting heights[3] to 0.5cm [name=title, main, offset=0, empty=FALSE, original=0.25cm]
[2026-10-06 14:48:59] [TRACE]   [MetaProViz] Parsing unit from `0.5cm`
[2026-10-06 14:48:59] [TRACE]   [MetaProViz] Setting heights[4] to 0.5cm [name=subtitle, main, offset=0, empty=FALSE, original=0cm]
[2026-10-06 14:48:59] [TRACE]   [MetaProViz] Parsing unit from `-0.70cm`
[2026-10-06 14:48:59] [TRACE]   [MetaProViz] Setting widths[11] to max(-0.7cm, 1cm) [name=guide-box-right, legend, offset=0, empty=FALSE, original=1cm]
[2026-10-06 14:48:59] [TRACE]   [MetaProViz] Sum of heights: 12.00, sum of widths: 12.00
[2026-10-06 14:49:05] [WARN]    [MetaProViz] The following IDs are duplicated and removed: HMDB0000725, HMDB0000267, HMDB0000755
[2026-10-06 14:49:05] [TRACE]   [MetaProViz] chebi is used to find additional potential IDs for hmdb.
[2026-10-06 14:49:10] [TRACE]   [MetaProViz] The plot has legend, adjusting layout to accommodate it.
[2026-10-06 14:49:10] [TRACE]   [MetaProViz] Sections: Superplot
[2026-10-06 14:49:10] [TRACE]   [MetaProViz] Legend nchar: 1.00cm, Legend width: 2.90cm
[2026-10-06 14:49:10] [TRACE]   [MetaProViz] Parsing unit from `2.90cm`
[2026-10-06 14:49:10] [TRACE]   [MetaProViz] The plot has title, adjusting layout to accommodate it.
[2026-10-06 14:49:10] [TRACE]   [MetaProViz] Parsing unit from `0.5cm`
[2026-10-06 14:49:10] [TRACE]   [MetaProViz] Parsing unit from `12`
[2026-10-06 14:49:10] [TRACE]   [MetaProViz] Parsing unit from `11`
[2026-10-06 14:49:10] [TRACE]   [MetaProViz] Parsing unit from `0.5cm`
[2026-10-06 14:49:10] [TRACE]   [MetaProViz] Setting widths[7] to 0.5cm [name=axis-b, offset=0, empty=FALSE, original=1null]
[2026-10-06 14:49:10] [TRACE]   [MetaProViz] Parsing unit from `0cm`
[2026-10-06 14:49:10] [TRACE]   [MetaProViz] Setting widths[1] to 0cm [name=ylab-l, offset=-4, empty=FALSE, original=5.5points]
[2026-10-06 14:49:10] [TRACE]   [MetaProViz] Parsing unit from `1cm`
[2026-10-06 14:49:10] [TRACE]   [MetaProViz] Setting widths[6] to 1cm [name=axis-l, offset=0, empty=FALSE, original=sum(0cm, 1null, 0.594912302606546cm, 0null, max(0points, -0.0966514459665145cm), 0.0966514459665145cm)]
[2026-10-06 14:49:10] [TRACE]   [MetaProViz] Parsing unit from `1cm`
[2026-10-06 14:49:10] [TRACE]   [MetaProViz] Setting widths[5] to 1cm [name=ylab-l, offset=0, empty=FALSE, original=1grobwidth]
[2026-10-06 14:49:10] [TRACE]   [MetaProViz] Parsing unit from `0cm`
[2026-10-06 14:49:10] [TRACE]   [MetaProViz] Setting widths[3] to 0cm [name=guide-box-left, offset=0, empty=FALSE, original=0cm]
[2026-10-06 14:49:10] [TRACE]   [MetaProViz] Parsing unit from `0cm`
[2026-10-06 14:49:10] [TRACE]   [MetaProViz] Setting widths[8] to 0cm [name=axis-r, offset=0, empty=FALSE, original=0cm]
[2026-10-06 14:49:10] [TRACE]   [MetaProViz] Parsing unit from `0cm`
[2026-10-06 14:49:10] [TRACE]   [MetaProViz] Setting widths[9] to 0cm [name=ylab-r, offset=0, empty=FALSE, original=0cm]
[2026-10-06 14:49:10] [TRACE]   [MetaProViz] Parsing unit from `1cm`
[2026-10-06 14:49:10] [TRACE]   [MetaProViz] Setting widths[4] to 1cm [name=ylab-l, offset=-1, empty=TRUE, original=0points]
[2026-10-06 14:49:10] [TRACE]   [MetaProViz] Parsing unit from `1cm`
[2026-10-06 14:49:10] [TRACE]   [MetaProViz] Setting widths[11] to 1cm [name=guide-box-right, offset=0, empty=FALSE, original=sum(1null, 0points, 2.9032369744102cm, 0points, 0null)]
[2026-10-06 14:49:10] [TRACE]   [MetaProViz] Parsing unit from `8cm`
[2026-10-06 14:49:10] [TRACE]   [MetaProViz] Setting heights[9] to 8cm [name=axis-l, offset=0, empty=FALSE, original=1null]
[2026-10-06 14:49:10] [TRACE]   [MetaProViz] Parsing unit from `0.63cm`
[2026-10-06 14:49:10] [TRACE]   [MetaProViz] Setting heights[10] to 0.63cm [name=axis-b, offset=0, empty=FALSE, original=sum(0.0966514459665145cm, max(0points, -0.0966514459665145cm), 0null, 0.359643635557501cm, 1null, 0cm)]
[2026-10-06 14:49:10] [TRACE]   [MetaProViz] Parsing unit from `0.75cm`
[2026-10-06 14:49:10] [TRACE]   [MetaProViz] Setting heights[11] to 0.75cm [name=xlab-b, offset=0, empty=FALSE, original=1grobheight]
[2026-10-06 14:49:10] [TRACE]   [MetaProViz] Parsing unit from `0cm`
[2026-10-06 14:49:10] [TRACE]   [MetaProViz] Setting heights[1] to 0cm [name=title, offset=-2, empty=FALSE, original=5.5points]
[2026-10-06 14:49:10] [TRACE]   [MetaProViz] Parsing unit from `0cm`
[2026-10-06 14:49:10] [TRACE]   [MetaProViz] Setting heights[2] to 0cm [name=title, offset=-1, empty=TRUE, original=0points]
[2026-10-06 14:49:10] [TRACE]   [MetaProViz] Parsing unit from `0.25cm`
[2026-10-06 14:49:10] [TRACE]   [MetaProViz] Setting heights[3] to 0.25cm [name=title, offset=0, empty=FALSE, original=1grobheight]
[2026-10-06 14:49:10] [TRACE]   [MetaProViz] Parsing unit from `0cm`
[2026-10-06 14:49:10] [TRACE]   [MetaProViz] Setting heights[4] to 0cm [name=subtitle, offset=0, empty=FALSE, original=0cm]
[2026-10-06 14:49:10] [TRACE]   [MetaProViz] Parsing unit from `0.5cm`
[2026-10-06 14:49:10] [TRACE]   [MetaProViz] Setting heights[14] to 0.5cm [name=caption, offset=0, empty=FALSE, original=0cm]
[2026-10-06 14:49:10] [TRACE]   [MetaProViz] Parsing unit from `0cm`
[2026-10-06 14:49:10] [TRACE]   [MetaProViz] Setting heights[5] to 0cm [name=guide-box-top, offset=0, empty=FALSE, original=0cm]
[2026-10-06 14:49:10] [TRACE]   [MetaProViz] Parsing unit from `0cm`
[2026-10-06 14:49:10] [TRACE]   [MetaProViz] Setting heights[6] to 0cm [name=xlab-t, offset=-1, empty=TRUE, original=0points]
[2026-10-06 14:49:10] [TRACE]   [MetaProViz] Setting heights[3] to 0.5cm [name=title, main, offset=0, empty=FALSE, original=0.25cm]
[2026-10-06 14:49:10] [TRACE]   [MetaProViz] Parsing unit from `0.5cm`
[2026-10-06 14:49:10] [TRACE]   [MetaProViz] Setting heights[4] to 0.5cm [name=subtitle, main, offset=0, empty=FALSE, original=0cm]
[2026-10-06 14:49:10] [TRACE]   [MetaProViz] Parsing unit from `-1.95cm`
[2026-10-06 14:49:10] [TRACE]   [MetaProViz] Setting widths[11] to max(-1.95cm, 1cm) [name=guide-box-right, legend, offset=0, empty=FALSE, original=1cm]
[2026-10-06 14:49:10] [TRACE]   [MetaProViz] Adding sum(max(2.9cm, -1.95cm, 1cm), -1*max(-1.95cm, 1cm)) to the total width of the gtable, growing it from 12cm to sum(12cm, max(2.9cm, -1.95cm, 1cm), -1*max(-1.95cm, 1cm)).
[2026-10-06 14:49:10] [TRACE]   [MetaProViz] Setting widths[11] to max(2.9cm, -1.95cm, 1cm) [name=guide-box-right, offset=0, empty=FALSE, original=max(-1.95cm, 1cm)]
[2026-10-06 14:49:10] [TRACE]   [MetaProViz] The plot has legend, adjusting layout to accommodate it.
[2026-10-06 14:49:10] [TRACE]   [MetaProViz] Sections: Superplot
[2026-10-06 14:49:11] [TRACE]   [MetaProViz] Legend nchar: 1.00cm, Legend width: 2.90cm
[2026-10-06 14:49:11] [TRACE]   [MetaProViz] Parsing unit from `2.90cm`
[2026-10-06 14:49:11] [TRACE]   [MetaProViz] The plot has title, adjusting layout to accommodate it.
[2026-10-06 14:49:11] [TRACE]   [MetaProViz] Parsing unit from `0.5cm`
[2026-10-06 14:49:11] [TRACE]   [MetaProViz] Parsing unit from `12`
[2026-10-06 14:49:11] [TRACE]   [MetaProViz] Parsing unit from `11`
[2026-10-06 14:49:11] [TRACE]   [MetaProViz] Parsing unit from `0.5cm`
[2026-10-06 14:49:11] [TRACE]   [MetaProViz] Setting widths[7] to 0.5cm [name=axis-b, offset=0, empty=FALSE, original=1null]
[2026-10-06 14:49:11] [TRACE]   [MetaProViz] Parsing unit from `0cm`
[2026-10-06 14:49:11] [TRACE]   [MetaProViz] Setting widths[1] to 0cm [name=ylab-l, offset=-4, empty=FALSE, original=5.5points]
[2026-10-06 14:49:11] [TRACE]   [MetaProViz] Parsing unit from `1cm`
[2026-10-06 14:49:11] [TRACE]   [MetaProViz] Setting widths[6] to 1cm [name=axis-l, offset=0, empty=FALSE, original=sum(0cm, 1null, 0.594912302606546cm, 0null, max(0points, -0.0966514459665145cm), 0.0966514459665145cm)]
[2026-10-06 14:49:11] [TRACE]   [MetaProViz] Parsing unit from `1cm`
[2026-10-06 14:49:11] [TRACE]   [MetaProViz] Setting widths[5] to 1cm [name=ylab-l, offset=0, empty=FALSE, original=1grobwidth]
[2026-10-06 14:49:11] [TRACE]   [MetaProViz] Parsing unit from `0cm`
[2026-10-06 14:49:11] [TRACE]   [MetaProViz] Setting widths[3] to 0cm [name=guide-box-left, offset=0, empty=FALSE, original=0cm]
[2026-10-06 14:49:11] [TRACE]   [MetaProViz] Parsing unit from `0cm`
[2026-10-06 14:49:11] [TRACE]   [MetaProViz] Setting widths[8] to 0cm [name=axis-r, offset=0, empty=FALSE, original=0cm]
[2026-10-06 14:49:11] [TRACE]   [MetaProViz] Parsing unit from `0cm`
[2026-10-06 14:49:11] [TRACE]   [MetaProViz] Setting widths[9] to 0cm [name=ylab-r, offset=0, empty=FALSE, original=0cm]
[2026-10-06 14:49:11] [TRACE]   [MetaProViz] Parsing unit from `1cm`
[2026-10-06 14:49:11] [TRACE]   [MetaProViz] Setting widths[4] to 1cm [name=ylab-l, offset=-1, empty=TRUE, original=0points]
[2026-10-06 14:49:11] [TRACE]   [MetaProViz] Parsing unit from `1cm`
[2026-10-06 14:49:11] [TRACE]   [MetaProViz] Setting widths[11] to 1cm [name=guide-box-right, offset=0, empty=FALSE, original=sum(1null, 0points, 2.9032369744102cm, 0points, 0null)]
[2026-10-06 14:49:11] [TRACE]   [MetaProViz] Parsing unit from `8cm`
[2026-10-06 14:49:11] [TRACE]   [MetaProViz] Setting heights[9] to 8cm [name=axis-l, offset=0, empty=FALSE, original=1null]
[2026-10-06 14:49:11] [TRACE]   [MetaProViz] Parsing unit from `0.63cm`
[2026-10-06 14:49:11] [TRACE]   [MetaProViz] Setting heights[10] to 0.63cm [name=axis-b, offset=0, empty=FALSE, original=sum(0.0966514459665145cm, max(0points, -0.0966514459665145cm), 0null, 0.359643635557501cm, 1null, 0cm)]
[2026-10-06 14:49:11] [TRACE]   [MetaProViz] Parsing unit from `0.75cm`
[2026-10-06 14:49:11] [TRACE]   [MetaProViz] Setting heights[11] to 0.75cm [name=xlab-b, offset=0, empty=FALSE, original=1grobheight]
[2026-10-06 14:49:11] [TRACE]   [MetaProViz] Parsing unit from `0cm`
[2026-10-06 14:49:11] [TRACE]   [MetaProViz] Setting heights[1] to 0cm [name=title, offset=-2, empty=FALSE, original=5.5points]
[2026-10-06 14:49:11] [TRACE]   [MetaProViz] Parsing unit from `0cm`
[2026-10-06 14:49:11] [TRACE]   [MetaProViz] Setting heights[2] to 0cm [name=title, offset=-1, empty=TRUE, original=0points]
[2026-10-06 14:49:11] [TRACE]   [MetaProViz] Parsing unit from `0.25cm`
[2026-10-06 14:49:11] [TRACE]   [MetaProViz] Setting heights[3] to 0.25cm [name=title, offset=0, empty=FALSE, original=1grobheight]
[2026-10-06 14:49:11] [TRACE]   [MetaProViz] Parsing unit from `0cm`
[2026-10-06 14:49:11] [TRACE]   [MetaProViz] Setting heights[4] to 0cm [name=subtitle, offset=0, empty=FALSE, original=0cm]
[2026-10-06 14:49:11] [TRACE]   [MetaProViz] Parsing unit from `0.5cm`
[2026-10-06 14:49:11] [TRACE]   [MetaProViz] Setting heights[14] to 0.5cm [name=caption, offset=0, empty=FALSE, original=0cm]
[2026-10-06 14:49:11] [TRACE]   [MetaProViz] Parsing unit from `0cm`
[2026-10-06 14:49:11] [TRACE]   [MetaProViz] Setting heights[5] to 0cm [name=guide-box-top, offset=0, empty=FALSE, original=0cm]
[2026-10-06 14:49:11] [TRACE]   [MetaProViz] Parsing unit from `0cm`
[2026-10-06 14:49:11] [TRACE]   [MetaProViz] Setting heights[6] to 0cm [name=xlab-t, offset=-1, empty=TRUE, original=0points]
[2026-10-06 14:49:11] [TRACE]   [MetaProViz] Setting heights[3] to 0.5cm [name=title, main, offset=0, empty=FALSE, original=0.25cm]
[2026-10-06 14:49:11] [TRACE]   [MetaProViz] Parsing unit from `0.5cm`
[2026-10-06 14:49:11] [TRACE]   [MetaProViz] Setting heights[4] to 0.5cm [name=subtitle, main, offset=0, empty=FALSE, original=0cm]
[2026-10-06 14:49:11] [TRACE]   [MetaProViz] Parsing unit from `-1.45cm`
[2026-10-06 14:49:11] [TRACE]   [MetaProViz] Setting widths[11] to max(-1.45cm, 1cm) [name=guide-box-right, legend, offset=0, empty=FALSE, original=1cm]
[2026-10-06 14:49:11] [TRACE]   [MetaProViz] Adding sum(max(2.9cm, -1.45cm, 1cm), -1*max(-1.45cm, 1cm)) to the total width of the gtable, growing it from 12cm to sum(12cm, max(2.9cm, -1.45cm, 1cm), -1*max(-1.45cm, 1cm)).
[2026-10-06 14:49:11] [TRACE]   [MetaProViz] Setting widths[11] to max(2.9cm, -1.45cm, 1cm) [name=guide-box-right, offset=0, empty=FALSE, original=max(-1.45cm, 1cm)]
[2026-10-06 14:49:11] [INFO]    [MetaProViz] feature_filtering: Here we apply the modified 80%-filtering rule that takes the class information (Column `Conditions`) into account, which additionally reduces the effect of missing values (REF: Yang et. al., (2015), doi: 10.3389/fmolb.2015.00004). Filtering value selected: 0.8
[2026-10-06 14:49:11] [INFO]    [MetaProViz] 3 metabolites where removed: AICAR, FAICAR, SAICAR
[2026-10-06 14:49:12] [INFO]    [MetaProViz] viz_upset: Upset plot visualization
[2026-10-06 14:49:13] [TRACE]   [MetaProViz] The plot has legend, adjusting layout to accommodate it.
[2026-10-06 14:49:13] [TRACE]   [MetaProViz] Sections: Superplot
[2026-10-06 14:49:13] [TRACE]   [MetaProViz] Legend nchar: 1.00cm, Legend width: 2.90cm
[2026-10-06 14:49:13] [TRACE]   [MetaProViz] Parsing unit from `2.90cm`
[2026-10-06 14:49:13] [TRACE]   [MetaProViz] The plot has title, adjusting layout to accommodate it.
[2026-10-06 14:49:13] [TRACE]   [MetaProViz] Parsing unit from `0.5cm`
[2026-10-06 14:49:13] [TRACE]   [MetaProViz] Parsing unit from `12`
[2026-10-06 14:49:13] [TRACE]   [MetaProViz] Parsing unit from `11`
[2026-10-06 14:49:13] [TRACE]   [MetaProViz] Parsing unit from `1cm`
[2026-10-06 14:49:13] [TRACE]   [MetaProViz] Setting widths[7] to 1cm [name=axis-b, offset=0, empty=FALSE, original=1null]
[2026-10-06 14:49:13] [TRACE]   [MetaProViz] Parsing unit from `0cm`
[2026-10-06 14:49:13] [TRACE]   [MetaProViz] Setting widths[1] to 0cm [name=ylab-l, offset=-4, empty=FALSE, original=5.5points]
[2026-10-06 14:49:13] [TRACE]   [MetaProViz] Parsing unit from `1cm`
[2026-10-06 14:49:13] [TRACE]   [MetaProViz] Setting widths[6] to 1cm [name=axis-l, offset=0, empty=FALSE, original=sum(0cm, 1null, 0.422381920662101cm, 0null, max(0points, -0.0966514459665145cm), 0.0966514459665145cm)]
[2026-10-06 14:49:13] [TRACE]   [MetaProViz] Parsing unit from `1cm`
[2026-10-06 14:49:13] [TRACE]   [MetaProViz] Setting widths[5] to 1cm [name=ylab-l, offset=0, empty=FALSE, original=1grobwidth]
[2026-10-06 14:49:13] [TRACE]   [MetaProViz] Parsing unit from `0cm`
[2026-10-06 14:49:13] [TRACE]   [MetaProViz] Setting widths[3] to 0cm [name=guide-box-left, offset=0, empty=FALSE, original=0cm]
[2026-10-06 14:49:13] [TRACE]   [MetaProViz] Parsing unit from `0cm`
[2026-10-06 14:49:13] [TRACE]   [MetaProViz] Setting widths[8] to 0cm [name=axis-r, offset=0, empty=FALSE, original=0cm]
[2026-10-06 14:49:13] [TRACE]   [MetaProViz] Parsing unit from `0cm`
[2026-10-06 14:49:13] [TRACE]   [MetaProViz] Setting widths[9] to 0cm [name=ylab-r, offset=0, empty=FALSE, original=0cm]
[2026-10-06 14:49:13] [TRACE]   [MetaProViz] Parsing unit from `1cm`
[2026-10-06 14:49:13] [TRACE]   [MetaProViz] Setting widths[4] to 1cm [name=ylab-l, offset=-1, empty=TRUE, original=0points]
[2026-10-06 14:49:13] [TRACE]   [MetaProViz] Parsing unit from `1cm`
[2026-10-06 14:49:13] [TRACE]   [MetaProViz] Setting widths[11] to 1cm [name=guide-box-right, offset=0, empty=FALSE, original=sum(1null, 0points, 2.9032369744102cm, 0points, 0null)]
[2026-10-06 14:49:13] [TRACE]   [MetaProViz] Parsing unit from `8cm`
[2026-10-06 14:49:13] [TRACE]   [MetaProViz] Setting heights[9] to 8cm [name=axis-l, offset=0, empty=FALSE, original=1null]
[2026-10-06 14:49:13] [TRACE]   [MetaProViz] Parsing unit from `0.63cm`
[2026-10-06 14:49:13] [TRACE]   [MetaProViz] Setting heights[10] to 0.63cm [name=axis-b, offset=0, empty=FALSE, original=sum(0.0966514459665145cm, max(0points, -0.0966514459665145cm), 0null, 0.359643635557501cm, 1null, 0cm)]
[2026-10-06 14:49:13] [TRACE]   [MetaProViz] Parsing unit from `0.75cm`
[2026-10-06 14:49:13] [TRACE]   [MetaProViz] Setting heights[11] to 0.75cm [name=xlab-b, offset=0, empty=FALSE, original=1grobheight]
[2026-10-06 14:49:13] [TRACE]   [MetaProViz] Parsing unit from `0cm`
[2026-10-06 14:49:13] [TRACE]   [MetaProViz] Setting heights[1] to 0cm [name=title, offset=-2, empty=FALSE, original=5.5points]
[2026-10-06 14:49:13] [TRACE]   [MetaProViz] Parsing unit from `0cm`
[2026-10-06 14:49:13] [TRACE]   [MetaProViz] Setting heights[2] to 0cm [name=title, offset=-1, empty=TRUE, original=0points]
[2026-10-06 14:49:13] [TRACE]   [MetaProViz] Parsing unit from `0.25cm`
[2026-10-06 14:49:13] [TRACE]   [MetaProViz] Setting heights[3] to 0.25cm [name=title, offset=0, empty=FALSE, original=1grobheight]
[2026-10-06 14:49:13] [TRACE]   [MetaProViz] Parsing unit from `0cm`
[2026-10-06 14:49:13] [TRACE]   [MetaProViz] Setting heights[4] to 0cm [name=subtitle, offset=0, empty=FALSE, original=0cm]
[2026-10-06 14:49:13] [TRACE]   [MetaProViz] Parsing unit from `0.5cm`
[2026-10-06 14:49:13] [TRACE]   [MetaProViz] Setting heights[14] to 0.5cm [name=caption, offset=0, empty=FALSE, original=0cm]
[2026-10-06 14:49:13] [TRACE]   [MetaProViz] Parsing unit from `0cm`
[2026-10-06 14:49:13] [TRACE]   [MetaProViz] Setting heights[5] to 0cm [name=guide-box-top, offset=0, empty=FALSE, original=0cm]
[2026-10-06 14:49:13] [TRACE]   [MetaProViz] Parsing unit from `0cm`
[2026-10-06 14:49:13] [TRACE]   [MetaProViz] Setting heights[6] to 0cm [name=xlab-t, offset=-1, empty=TRUE, original=0points]
[2026-10-06 14:49:13] [TRACE]   [MetaProViz] Setting heights[3] to 0.5cm [name=title, main, offset=0, empty=FALSE, original=0.25cm]
[2026-10-06 14:49:13] [TRACE]   [MetaProViz] Parsing unit from `0.5cm`
[2026-10-06 14:49:13] [TRACE]   [MetaProViz] Setting heights[4] to 0.5cm [name=subtitle, main, offset=0, empty=FALSE, original=0cm]
[2026-10-06 14:49:13] [TRACE]   [MetaProViz] Parsing unit from `-2.20cm`
[2026-10-06 14:49:13] [TRACE]   [MetaProViz] Setting widths[11] to max(-2.2cm, 1cm) [name=guide-box-right, legend, offset=0, empty=FALSE, original=1cm]
[2026-10-06 14:49:13] [TRACE]   [MetaProViz] Adding sum(max(2.9cm, -2.2cm, 1cm), -1*max(-2.2cm, 1cm)) to the total width of the gtable, growing it from 12cm to sum(12cm, max(2.9cm, -2.2cm, 1cm), -1*max(-2.2cm, 1cm)).
[2026-10-06 14:49:13] [TRACE]   [MetaProViz] Setting widths[11] to max(2.9cm, -2.2cm, 1cm) [name=guide-box-right, offset=0, empty=FALSE, original=max(-2.2cm, 1cm)]
[2026-10-06 14:49:13] [TRACE]   [MetaProViz] The plot has legend, adjusting layout to accommodate it.
[2026-10-06 14:49:13] [TRACE]   [MetaProViz] Sections: Superplot
[2026-10-06 14:49:13] [TRACE]   [MetaProViz] Legend nchar: 1.00cm, Legend width: 2.90cm
[2026-10-06 14:49:13] [TRACE]   [MetaProViz] Parsing unit from `2.90cm`
[2026-10-06 14:49:13] [TRACE]   [MetaProViz] The plot has title, adjusting layout to accommodate it.
[2026-10-06 14:49:13] [TRACE]   [MetaProViz] Parsing unit from `0.5cm`
[2026-10-06 14:49:13] [TRACE]   [MetaProViz] Parsing unit from `12`
[2026-10-06 14:49:13] [TRACE]   [MetaProViz] Parsing unit from `11`
[2026-10-06 14:49:13] [TRACE]   [MetaProViz] Parsing unit from `1cm`
[2026-10-06 14:49:13] [TRACE]   [MetaProViz] Setting widths[7] to 1cm [name=axis-b, offset=0, empty=FALSE, original=1null]
[2026-10-06 14:49:13] [TRACE]   [MetaProViz] Parsing unit from `0cm`
[2026-10-06 14:49:13] [TRACE]   [MetaProViz] Setting widths[1] to 0cm [name=ylab-l, offset=-4, empty=FALSE, original=5.5points]
[2026-10-06 14:49:13] [TRACE]   [MetaProViz] Parsing unit from `1cm`
[2026-10-06 14:49:13] [TRACE]   [MetaProViz] Setting widths[6] to 1cm [name=axis-l, offset=0, empty=FALSE, original=sum(0cm, 1null, 0.422381920662101cm, 0null, max(0points, -0.0966514459665145cm), 0.0966514459665145cm)]
[2026-10-06 14:49:13] [TRACE]   [MetaProViz] Parsing unit from `1cm`
[2026-10-06 14:49:13] [TRACE]   [MetaProViz] Setting widths[5] to 1cm [name=ylab-l, offset=0, empty=FALSE, original=1grobwidth]
[2026-10-06 14:49:13] [TRACE]   [MetaProViz] Parsing unit from `0cm`
[2026-10-06 14:49:13] [TRACE]   [MetaProViz] Setting widths[3] to 0cm [name=guide-box-left, offset=0, empty=FALSE, original=0cm]
[2026-10-06 14:49:13] [TRACE]   [MetaProViz] Parsing unit from `0cm`
[2026-10-06 14:49:13] [TRACE]   [MetaProViz] Setting widths[8] to 0cm [name=axis-r, offset=0, empty=FALSE, original=0cm]
[2026-10-06 14:49:13] [TRACE]   [MetaProViz] Parsing unit from `0cm`
[2026-10-06 14:49:13] [TRACE]   [MetaProViz] Setting widths[9] to 0cm [name=ylab-r, offset=0, empty=FALSE, original=0cm]
[2026-10-06 14:49:13] [TRACE]   [MetaProViz] Parsing unit from `1cm`
[2026-10-06 14:49:13] [TRACE]   [MetaProViz] Setting widths[4] to 1cm [name=ylab-l, offset=-1, empty=TRUE, original=0points]
[2026-10-06 14:49:13] [TRACE]   [MetaProViz] Parsing unit from `1cm`
[2026-10-06 14:49:13] [TRACE]   [MetaProViz] Setting widths[11] to 1cm [name=guide-box-right, offset=0, empty=FALSE, original=sum(1null, 0points, 2.9032369744102cm, 0points, 0null)]
[2026-10-06 14:49:13] [TRACE]   [MetaProViz] Parsing unit from `8cm`
[2026-10-06 14:49:13] [TRACE]   [MetaProViz] Setting heights[9] to 8cm [name=axis-l, offset=0, empty=FALSE, original=1null]
[2026-10-06 14:49:13] [TRACE]   [MetaProViz] Parsing unit from `0.63cm`
[2026-10-06 14:49:13] [TRACE]   [MetaProViz] Setting heights[10] to 0.63cm [name=axis-b, offset=0, empty=FALSE, original=sum(0.0966514459665145cm, max(0points, -0.0966514459665145cm), 0null, 0.359643635557501cm, 1null, 0cm)]
[2026-10-06 14:49:13] [TRACE]   [MetaProViz] Parsing unit from `0.75cm`
[2026-10-06 14:49:13] [TRACE]   [MetaProViz] Setting heights[11] to 0.75cm [name=xlab-b, offset=0, empty=FALSE, original=1grobheight]
[2026-10-06 14:49:13] [TRACE]   [MetaProViz] Parsing unit from `0cm`
[2026-10-06 14:49:13] [TRACE]   [MetaProViz] Setting heights[1] to 0cm [name=title, offset=-2, empty=FALSE, original=5.5points]
[2026-10-06 14:49:13] [TRACE]   [MetaProViz] Parsing unit from `0cm`
[2026-10-06 14:49:13] [TRACE]   [MetaProViz] Setting heights[2] to 0cm [name=title, offset=-1, empty=TRUE, original=0points]
[2026-10-06 14:49:13] [TRACE]   [MetaProViz] Parsing unit from `0.25cm`
[2026-10-06 14:49:13] [TRACE]   [MetaProViz] Setting heights[3] to 0.25cm [name=title, offset=0, empty=FALSE, original=1grobheight]
[2026-10-06 14:49:13] [TRACE]   [MetaProViz] Parsing unit from `0cm`
[2026-10-06 14:49:13] [TRACE]   [MetaProViz] Setting heights[4] to 0cm [name=subtitle, offset=0, empty=FALSE, original=0cm]
[2026-10-06 14:49:13] [TRACE]   [MetaProViz] Parsing unit from `0.5cm`
[2026-10-06 14:49:13] [TRACE]   [MetaProViz] Setting heights[14] to 0.5cm [name=caption, offset=0, empty=FALSE, original=0cm]
[2026-10-06 14:49:13] [TRACE]   [MetaProViz] Parsing unit from `0cm`
[2026-10-06 14:49:13] [TRACE]   [MetaProViz] Setting heights[5] to 0cm [name=guide-box-top, offset=0, empty=FALSE, original=0cm]
[2026-10-06 14:49:13] [TRACE]   [MetaProViz] Parsing unit from `0cm`
[2026-10-06 14:49:13] [TRACE]   [MetaProViz] Setting heights[6] to 0cm [name=xlab-t, offset=-1, empty=TRUE, original=0points]
[2026-10-06 14:49:13] [TRACE]   [MetaProViz] Setting heights[3] to 0.5cm [name=title, main, offset=0, empty=FALSE, original=0.25cm]
[2026-10-06 14:49:13] [TRACE]   [MetaProViz] Parsing unit from `0.5cm`
[2026-10-06 14:49:13] [TRACE]   [MetaProViz] Setting heights[4] to 0.5cm [name=subtitle, main, offset=0, empty=FALSE, original=0cm]
[2026-10-06 14:49:13] [TRACE]   [MetaProViz] Parsing unit from `-2.20cm`
[2026-10-06 14:49:13] [TRACE]   [MetaProViz] Setting widths[11] to max(-2.2cm, 1cm) [name=guide-box-right, legend, offset=0, empty=FALSE, original=1cm]
[2026-10-06 14:49:13] [TRACE]   [MetaProViz] Adding sum(max(2.9cm, -2.2cm, 1cm), -1*max(-2.2cm, 1cm)) to the total width of the gtable, growing it from 12cm to sum(12cm, max(2.9cm, -2.2cm, 1cm), -1*max(-2.2cm, 1cm)).
[2026-10-06 14:49:13] [TRACE]   [MetaProViz] Setting widths[11] to max(2.9cm, -2.2cm, 1cm) [name=guide-box-right, offset=0, empty=FALSE, original=max(-2.2cm, 1cm)]
[2026-10-06 14:49:14] [TRACE]   [MetaProViz] The plot has legend, adjusting layout to accommodate it.
[2026-10-06 14:49:14] [TRACE]   [MetaProViz] Sections: Superplot
[2026-10-06 14:49:14] [TRACE]   [MetaProViz] Legend nchar: 1.00cm, Legend width: 2.40cm
[2026-10-06 14:49:14] [TRACE]   [MetaProViz] Parsing unit from `2.40cm`
[2026-10-06 14:49:14] [TRACE]   [MetaProViz] The plot has title, adjusting layout to accommodate it.
[2026-10-06 14:49:14] [TRACE]   [MetaProViz] Parsing unit from `0.5cm`
[2026-10-06 14:49:14] [TRACE]   [MetaProViz] Parsing unit from `12`
[2026-10-06 14:49:14] [TRACE]   [MetaProViz] Parsing unit from `11`
[2026-10-06 14:49:14] [TRACE]   [MetaProViz] Parsing unit from `0.5cm`
[2026-10-06 14:49:14] [TRACE]   [MetaProViz] Setting widths[7] to 0.5cm [name=axis-b, offset=0, empty=FALSE, original=1null]
[2026-10-06 14:49:14] [TRACE]   [MetaProViz] Parsing unit from `0cm`
[2026-10-06 14:49:14] [TRACE]   [MetaProViz] Setting widths[1] to 0cm [name=ylab-l, offset=-4, empty=FALSE, original=5.5points]
[2026-10-06 14:49:14] [TRACE]   [MetaProViz] Parsing unit from `1cm`
[2026-10-06 14:49:14] [TRACE]   [MetaProViz] Setting widths[6] to 1cm [name=axis-l, offset=0, empty=FALSE, original=sum(0cm, 1null, 0.422381920662101cm, 0null, max(0points, -0.0966514459665145cm), 0.0966514459665145cm)]
[2026-10-06 14:49:14] [TRACE]   [MetaProViz] Parsing unit from `1cm`
[2026-10-06 14:49:14] [TRACE]   [MetaProViz] Setting widths[5] to 1cm [name=ylab-l, offset=0, empty=FALSE, original=1grobwidth]
[2026-10-06 14:49:14] [TRACE]   [MetaProViz] Parsing unit from `0cm`
[2026-10-06 14:49:14] [TRACE]   [MetaProViz] Setting widths[3] to 0cm [name=guide-box-left, offset=0, empty=FALSE, original=0cm]
[2026-10-06 14:49:14] [TRACE]   [MetaProViz] Parsing unit from `0cm`
[2026-10-06 14:49:14] [TRACE]   [MetaProViz] Setting widths[8] to 0cm [name=axis-r, offset=0, empty=FALSE, original=0cm]
[2026-10-06 14:49:14] [TRACE]   [MetaProViz] Parsing unit from `0cm`
[2026-10-06 14:49:14] [TRACE]   [MetaProViz] Setting widths[9] to 0cm [name=ylab-r, offset=0, empty=FALSE, original=0cm]
[2026-10-06 14:49:14] [TRACE]   [MetaProViz] Parsing unit from `1cm`
[2026-10-06 14:49:14] [TRACE]   [MetaProViz] Setting widths[4] to 1cm [name=ylab-l, offset=-1, empty=TRUE, original=0points]
[2026-10-06 14:49:14] [TRACE]   [MetaProViz] Parsing unit from `1cm`
[2026-10-06 14:49:14] [TRACE]   [MetaProViz] Setting widths[11] to 1cm [name=guide-box-right, offset=0, empty=FALSE, original=sum(1null, 0points, 2.4294096033105cm, 0points, 0null)]
[2026-10-06 14:49:14] [TRACE]   [MetaProViz] Parsing unit from `8cm`
[2026-10-06 14:49:14] [TRACE]   [MetaProViz] Setting heights[9] to 8cm [name=axis-l, offset=0, empty=FALSE, original=1null]
[2026-10-06 14:49:14] [TRACE]   [MetaProViz] Parsing unit from `0.63cm`
[2026-10-06 14:49:14] [TRACE]   [MetaProViz] Setting heights[10] to 0.63cm [name=axis-b, offset=0, empty=FALSE, original=sum(0.0966514459665145cm, max(0points, -0.0966514459665145cm), 0null, 0.359643635557501cm, 1null, 0cm)]
[2026-10-06 14:49:14] [TRACE]   [MetaProViz] Parsing unit from `0.75cm`
[2026-10-06 14:49:14] [TRACE]   [MetaProViz] Setting heights[11] to 0.75cm [name=xlab-b, offset=0, empty=FALSE, original=1grobheight]
[2026-10-06 14:49:14] [TRACE]   [MetaProViz] Parsing unit from `0cm`
[2026-10-06 14:49:14] [TRACE]   [MetaProViz] Setting heights[1] to 0cm [name=title, offset=-2, empty=FALSE, original=5.5points]
[2026-10-06 14:49:14] [TRACE]   [MetaProViz] Parsing unit from `0cm`
[2026-10-06 14:49:14] [TRACE]   [MetaProViz] Setting heights[2] to 0cm [name=title, offset=-1, empty=TRUE, original=0points]
[2026-10-06 14:49:14] [TRACE]   [MetaProViz] Parsing unit from `0.25cm`
[2026-10-06 14:49:14] [TRACE]   [MetaProViz] Setting heights[3] to 0.25cm [name=title, offset=0, empty=FALSE, original=1grobheight]
[2026-10-06 14:49:14] [TRACE]   [MetaProViz] Parsing unit from `0cm`
[2026-10-06 14:49:14] [TRACE]   [MetaProViz] Setting heights[4] to 0cm [name=subtitle, offset=0, empty=FALSE, original=0cm]
[2026-10-06 14:49:14] [TRACE]   [MetaProViz] Parsing unit from `0.5cm`
[2026-10-06 14:49:14] [TRACE]   [MetaProViz] Setting heights[14] to 0.5cm [name=caption, offset=0, empty=FALSE, original=0cm]
[2026-10-06 14:49:14] [TRACE]   [MetaProViz] Parsing unit from `0cm`
[2026-10-06 14:49:14] [TRACE]   [MetaProViz] Setting heights[5] to 0cm [name=guide-box-top, offset=0, empty=FALSE, original=0cm]
[2026-10-06 14:49:14] [TRACE]   [MetaProViz] Parsing unit from `0cm`
[2026-10-06 14:49:14] [TRACE]   [MetaProViz] Setting heights[6] to 0cm [name=xlab-t, offset=-1, empty=TRUE, original=0points]
[2026-10-06 14:49:14] [TRACE]   [MetaProViz] Setting heights[3] to 0.5cm [name=title, main, offset=0, empty=FALSE, original=0.25cm]
[2026-10-06 14:49:14] [TRACE]   [MetaProViz] Parsing unit from `0.5cm`
[2026-10-06 14:49:14] [TRACE]   [MetaProViz] Setting heights[4] to 0.5cm [name=subtitle, main, offset=0, empty=FALSE, original=0cm]
[2026-10-06 14:49:14] [TRACE]   [MetaProViz] Parsing unit from `-1.95cm`
[2026-10-06 14:49:14] [TRACE]   [MetaProViz] Setting widths[11] to max(-1.95cm, 1cm) [name=guide-box-right, legend, offset=0, empty=FALSE, original=1cm]
[2026-10-06 14:49:14] [TRACE]   [MetaProViz] Adding sum(max(2.4cm, -1.95cm, 1cm), -1*max(-1.95cm, 1cm)) to the total width of the gtable, growing it from 12cm to sum(12cm, max(2.4cm, -1.95cm, 1cm), -1*max(-1.95cm, 1cm)).
[2026-10-06 14:49:14] [TRACE]   [MetaProViz] Setting widths[11] to max(2.4cm, -1.95cm, 1cm) [name=guide-box-right, offset=0, empty=FALSE, original=max(-1.95cm, 1cm)]
[2026-10-06 14:49:14] [TRACE]   [MetaProViz] The plot has legend, adjusting layout to accommodate it.
[2026-10-06 14:49:14] [TRACE]   [MetaProViz] Sections: Superplot
[2026-10-06 14:49:14] [TRACE]   [MetaProViz] Legend nchar: 1.00cm, Legend width: 3.20cm
[2026-10-06 14:49:14] [TRACE]   [MetaProViz] Parsing unit from `3.20cm`
[2026-10-06 14:49:14] [TRACE]   [MetaProViz] The plot has title, adjusting layout to accommodate it.
[2026-10-06 14:49:14] [TRACE]   [MetaProViz] Parsing unit from `0.5cm`
[2026-10-06 14:49:14] [TRACE]   [MetaProViz] Parsing unit from `12`
[2026-10-06 14:49:14] [TRACE]   [MetaProViz] Parsing unit from `11`
[2026-10-06 14:49:14] [TRACE]   [MetaProViz] Parsing unit from `1cm`
[2026-10-06 14:49:14] [TRACE]   [MetaProViz] Setting widths[7] to 1cm [name=axis-b, offset=0, empty=FALSE, original=1null]
[2026-10-06 14:49:14] [TRACE]   [MetaProViz] Parsing unit from `0cm`
[2026-10-06 14:49:14] [TRACE]   [MetaProViz] Setting widths[1] to 0cm [name=ylab-l, offset=-4, empty=FALSE, original=5.5points]
[2026-10-06 14:49:14] [TRACE]   [MetaProViz] Parsing unit from `1cm`
[2026-10-06 14:49:14] [TRACE]   [MetaProViz] Setting widths[6] to 1cm [name=axis-l, offset=0, empty=FALSE, original=sum(0cm, 1null, 0.422381920662101cm, 0null, max(0points, -0.0966514459665145cm), 0.0966514459665145cm)]
[2026-10-06 14:49:14] [TRACE]   [MetaProViz] Parsing unit from `1cm`
[2026-10-06 14:49:14] [TRACE]   [MetaProViz] Setting widths[5] to 1cm [name=ylab-l, offset=0, empty=FALSE, original=1grobwidth]
[2026-10-06 14:49:14] [TRACE]   [MetaProViz] Parsing unit from `0cm`
[2026-10-06 14:49:14] [TRACE]   [MetaProViz] Setting widths[3] to 0cm [name=guide-box-left, offset=0, empty=FALSE, original=0cm]
[2026-10-06 14:49:14] [TRACE]   [MetaProViz] Parsing unit from `0cm`
[2026-10-06 14:49:14] [TRACE]   [MetaProViz] Setting widths[8] to 0cm [name=axis-r, offset=0, empty=FALSE, original=0cm]
[2026-10-06 14:49:14] [TRACE]   [MetaProViz] Parsing unit from `0cm`
[2026-10-06 14:49:14] [TRACE]   [MetaProViz] Setting widths[9] to 0cm [name=ylab-r, offset=0, empty=FALSE, original=0cm]
[2026-10-06 14:49:14] [TRACE]   [MetaProViz] Parsing unit from `1cm`
[2026-10-06 14:49:14] [TRACE]   [MetaProViz] Setting widths[4] to 1cm [name=ylab-l, offset=-1, empty=TRUE, original=0points]
[2026-10-06 14:49:14] [TRACE]   [MetaProViz] Parsing unit from `1cm`
[2026-10-06 14:49:14] [TRACE]   [MetaProViz] Setting widths[11] to 1cm [name=guide-box-right, offset=0, empty=FALSE, original=sum(1null, 0points, 3.23528633942161cm, 0points, 0null)]
[2026-10-06 14:49:14] [TRACE]   [MetaProViz] Parsing unit from `8cm`
[2026-10-06 14:49:14] [TRACE]   [MetaProViz] Setting heights[9] to 8cm [name=axis-l, offset=0, empty=FALSE, original=1null]
[2026-10-06 14:49:14] [TRACE]   [MetaProViz] Parsing unit from `0.63cm`
[2026-10-06 14:49:14] [TRACE]   [MetaProViz] Setting heights[10] to 0.63cm [name=axis-b, offset=0, empty=FALSE, original=sum(0.0966514459665145cm, max(0points, -0.0966514459665145cm), 0null, 0.359643635557501cm, 1null, 0cm)]
[2026-10-06 14:49:14] [TRACE]   [MetaProViz] Parsing unit from `0.75cm`
[2026-10-06 14:49:14] [TRACE]   [MetaProViz] Setting heights[11] to 0.75cm [name=xlab-b, offset=0, empty=FALSE, original=1grobheight]
[2026-10-06 14:49:14] [TRACE]   [MetaProViz] Parsing unit from `0cm`
[2026-10-06 14:49:14] [TRACE]   [MetaProViz] Setting heights[1] to 0cm [name=title, offset=-2, empty=FALSE, original=5.5points]
[2026-10-06 14:49:14] [TRACE]   [MetaProViz] Parsing unit from `0cm`
[2026-10-06 14:49:14] [TRACE]   [MetaProViz] Setting heights[2] to 0cm [name=title, offset=-1, empty=TRUE, original=0points]
[2026-10-06 14:49:14] [TRACE]   [MetaProViz] Parsing unit from `0.25cm`
[2026-10-06 14:49:14] [TRACE]   [MetaProViz] Setting heights[3] to 0.25cm [name=title, offset=0, empty=FALSE, original=1grobheight]
[2026-10-06 14:49:14] [TRACE]   [MetaProViz] Parsing unit from `0cm`
[2026-10-06 14:49:14] [TRACE]   [MetaProViz] Setting heights[4] to 0cm [name=subtitle, offset=0, empty=FALSE, original=0cm]
[2026-10-06 14:49:14] [TRACE]   [MetaProViz] Parsing unit from `0.5cm`
[2026-10-06 14:49:14] [TRACE]   [MetaProViz] Setting heights[14] to 0.5cm [name=caption, offset=0, empty=FALSE, original=0cm]
[2026-10-06 14:49:14] [TRACE]   [MetaProViz] Parsing unit from `0cm`
[2026-10-06 14:49:14] [TRACE]   [MetaProViz] Setting heights[5] to 0cm [name=guide-box-top, offset=0, empty=FALSE, original=0cm]
[2026-10-06 14:49:14] [TRACE]   [MetaProViz] Parsing unit from `0cm`
[2026-10-06 14:49:14] [TRACE]   [MetaProViz] Setting heights[6] to 0cm [name=xlab-t, offset=-1, empty=TRUE, original=0points]
[2026-10-06 14:49:14] [TRACE]   [MetaProViz] Setting heights[3] to 0.5cm [name=title, main, offset=0, empty=FALSE, original=0.25cm]
[2026-10-06 14:49:14] [TRACE]   [MetaProViz] Parsing unit from `0.5cm`
[2026-10-06 14:49:14] [TRACE]   [MetaProViz] Setting heights[4] to 0.5cm [name=subtitle, main, offset=0, empty=FALSE, original=0cm]
[2026-10-06 14:49:14] [TRACE]   [MetaProViz] Parsing unit from `-1.45cm`
[2026-10-06 14:49:14] [TRACE]   [MetaProViz] Setting widths[11] to max(-1.45cm, 1cm) [name=guide-box-right, legend, offset=0, empty=FALSE, original=1cm]
[2026-10-06 14:49:14] [TRACE]   [MetaProViz] Adding sum(max(3.2cm, -1.45cm, 1cm), -1*max(-1.45cm, 1cm)) to the total width of the gtable, growing it from 12cm to sum(12cm, max(3.2cm, -1.45cm, 1cm), -1*max(-1.45cm, 1cm)).
[2026-10-06 14:49:14] [TRACE]   [MetaProViz] Setting widths[11] to max(3.2cm, -1.45cm, 1cm) [name=guide-box-right, offset=0, empty=FALSE, original=max(-1.45cm, 1cm)]
[2026-10-06 14:49:16] [INFO]    [MetaProViz] make_gene_metab_set.
[2026-10-06 14:49:17] [INFO]    [MetaProViz] dma: Differential metabolite analysis.
[2026-10-06 14:49:17] [INFO]    [MetaProViz] In `Numerator` 786-O, 786-M1A, 786-M2A, NA/0 values exist in 5 Metabolite(s). and in `denominator`HK2 2 Metabolite(s
).. Those metabolite(s) might return p.val = NA, p.adj.= NA, t.val = NA. The Log2FC = Inf, if all replicates are 0/NA.
[2026-10-06 14:49:17] [WARN]    [MetaProViz] There are NA's / 0s in the data. This can impact the output of the SHapiro-Wilk test for all metabolites that include NAs / 0s.
[2026-10-06 14:49:18] [INFO]    [MetaProViz] For the condition HK2, NA % of the metabolites follow a normal distribution and NA % of the metabolites are not-normally distributed according to the Shapiro-test. You have chosen lmFit, which is for non-parametric hypothesis testing. `shapiro.test` ignores missing values in the calculation.
[2026-10-06 14:49:18] [INFO]    [MetaProViz] Histogram: binwidth 0.5 would need 89646780090 bins, using 30 bins instead.
[2026-10-06 14:49:18] [INFO]    [MetaProViz] For the condition 786-O, 79.89 % of the metabolites follow a normal distribution and 20.11 % of the metabolites are not-normally distributed according to the Shapiro-test. You have chosen lmFit, which is for non-parametric hypothesis testing. `shapiro.test` ignores missing values in the calculation.
[2026-10-06 14:49:18] [INFO]    [MetaProViz] Histogram: binwidth 0.5 would need 104105919938 bins, using 30 bins instead.
[2026-10-06 14:49:18] [INFO]    [MetaProViz] For the condition 786-M1A, 83.70 % of the metabolites follow a normal distribution and 16.30 % of the metabolites are not-normally distributed according to the Shapiro-test. You have chosen lmFit, which is for non-parametric hypothesis testing. `shapiro.test` ignores missing values in the calculation.
[2026-10-06 14:49:18] [INFO]    [MetaProViz] Histogram: binwidth 0.5 would need 102467679216 bins, using 30 bins instead.
[2026-10-06 14:49:18] [INFO]    [MetaProViz] For the condition 786-M2A, 81.52 % of the metabolites follow a normal distribution and 18.48 % of the metabolites are not-normally distributed according to the Shapiro-test. You have chosen lmFit, which is for non-parametric hypothesis testing. `shapiro.test` ignores missing values in the calculation.
[2026-10-06 14:49:18] [INFO]    [MetaProViz] Histogram: binwidth 0.5 would need 89407485496 bins, using 30 bins instead.
[2026-10-06 14:49:20] [INFO]    [MetaProViz] No conditions were specified as numerator and `HK2` was selected as denumerator. Performing multiple testing `all-vs-one` using `lmFit`.
[2026-10-06 14:49:20] [TRACE]   [MetaProViz] The plot has title, adjusting layout to accommodate it.
[2026-10-06 14:49:20] [TRACE]   [MetaProViz] Parsing unit from `0.5cm`
[2026-10-06 14:49:20] [TRACE]   [MetaProViz] Parsing unit from `12`
[2026-10-06 14:49:20] [TRACE]   [MetaProViz] Parsing unit from `11`
[2026-10-06 14:49:20] [TRACE]   [MetaProViz] Parsing unit from `6cm`
[2026-10-06 14:49:20] [TRACE]   [MetaProViz] Setting widths[7] to 6cm [name=axis-b, offset=0, empty=FALSE, original=1null]
[2026-10-06 14:49:20] [TRACE]   [MetaProViz] Parsing unit from `0cm`
[2026-10-06 14:49:20] [TRACE]   [MetaProViz] Setting widths[1] to 0cm [name=ylab-l, offset=-4, empty=FALSE, original=12points]
[2026-10-06 14:49:20] [TRACE]   [MetaProViz] Parsing unit from `1cm`
[2026-10-06 14:49:20] [TRACE]   [MetaProViz] Setting widths[6] to 1cm [name=axis-l, offset=0, empty=FALSE, original=sum(0cm, 1null, 0.561165983464786cm, 0null, max(0points, -0.210875882108759cm), 0.210875882108759cm)]
[2026-10-06 14:49:20] [TRACE]   [MetaProViz] Parsing unit from `1cm`
[2026-10-06 14:49:20] [TRACE]   [MetaProViz] Setting widths[5] to 1cm [name=ylab-l, offset=0, empty=FALSE, original=1grobwidth]
[2026-10-06 14:49:20] [TRACE]   [MetaProViz] Parsing unit from `0cm`
[2026-10-06 14:49:20] [TRACE]   [MetaProViz] Setting widths[3] to 0cm [name=guide-box-left, offset=0, empty=FALSE, original=0cm]
[2026-10-06 14:49:20] [TRACE]   [MetaProViz] Parsing unit from `0cm`
[2026-10-06 14:49:20] [TRACE]   [MetaProViz] Setting widths[8] to 0cm [name=axis-r, offset=0, empty=FALSE, original=0cm]
[2026-10-06 14:49:20] [TRACE]   [MetaProViz] Parsing unit from `0cm`
[2026-10-06 14:49:20] [TRACE]   [MetaProViz] Setting widths[9] to 0cm [name=ylab-r, offset=0, empty=FALSE, original=0cm]
[2026-10-06 14:49:20] [TRACE]   [MetaProViz] Parsing unit from `1cm`
[2026-10-06 14:49:20] [TRACE]   [MetaProViz] Setting widths[4] to 1cm [name=ylab-l, offset=-1, empty=TRUE, original=0points]
[2026-10-06 14:49:20] [TRACE]   [MetaProViz] Parsing unit from `1cm`
[2026-10-06 14:49:20] [TRACE]   [MetaProViz] Setting widths[11] to 1cm [name=guide-box-right, offset=0, empty=FALSE, original=0cm]
[2026-10-06 14:49:20] [TRACE]   [MetaProViz] Parsing unit from `8cm`
[2026-10-06 14:49:20] [TRACE]   [MetaProViz] Setting heights[9] to 8cm [name=axis-l, offset=0, empty=FALSE, original=1null]
[2026-10-06 14:49:20] [TRACE]   [MetaProViz] Parsing unit from `0.75cm`
[2026-10-06 14:49:20] [TRACE]   [MetaProViz] Setting heights[10] to 0.75cm [name=axis-b, offset=0, empty=FALSE, original=sum(0.210875882108759cm, max(0points, -0.210875882108759cm), 0null, 0.521478483464784cm, 1null, 0cm)]
[2026-10-06 14:49:20] [TRACE]   [MetaProViz] Parsing unit from `0.75cm`
[2026-10-06 14:49:20] [TRACE]   [MetaProViz] Setting heights[11] to 0.75cm [name=xlab-b, offset=0, empty=FALSE, original=1grobheight]
[2026-10-06 14:49:20] [TRACE]   [MetaProViz] Parsing unit from `0cm`
[2026-10-06 14:49:20] [TRACE]   [MetaProViz] Setting heights[1] to 0cm [name=title, offset=-2, empty=FALSE, original=12points]
[2026-10-06 14:49:20] [TRACE]   [MetaProViz] Parsing unit from `0cm`
[2026-10-06 14:49:20] [TRACE]   [MetaProViz] Setting heights[2] to 0cm [name=title, offset=-1, empty=TRUE, original=0points]
[2026-10-06 14:49:20] [TRACE]   [MetaProViz] Parsing unit from `0.25cm`
[2026-10-06 14:49:20] [TRACE]   [MetaProViz] Setting heights[3] to 0.25cm [name=title, offset=0, empty=FALSE, original=1grobheight]
[2026-10-06 14:49:20] [TRACE]   [MetaProViz] Parsing unit from `0cm`
[2026-10-06 14:49:20] [TRACE]   [MetaProViz] Setting heights[4] to 0cm [name=subtitle, offset=0, empty=FALSE, original=1grobheight]
[2026-10-06 14:49:20] [TRACE]   [MetaProViz] Parsing unit from `0cm`
[2026-10-06 14:49:20] [TRACE]   [MetaProViz] Setting heights[5] to 0cm [name=guide-box-top, offset=0, empty=FALSE, original=0cm]
[2026-10-06 14:49:20] [TRACE]   [MetaProViz] Parsing unit from `0cm`
[2026-10-06 14:49:20] [TRACE]   [MetaProViz] Setting heights[6] to 0cm [name=xlab-t, offset=-1, empty=TRUE, original=0points]
[2026-10-06 14:49:20] [TRACE]   [MetaProViz] Setting heights[3] to 0.5cm [name=title, main, offset=0, empty=FALSE, original=0.25cm]
[2026-10-06 14:49:20] [TRACE]   [MetaProViz] Parsing unit from `0.5cm`
[2026-10-06 14:49:20] [TRACE]   [MetaProViz] Setting heights[4] to 0.5cm [name=subtitle, main, offset=0, empty=FALSE, original=0cm]
[2026-10-06 14:49:20] [TRACE]   [MetaProViz] Parsing unit from `-0.70cm`
[2026-10-06 14:49:20] [TRACE]   [MetaProViz] Setting widths[11] to max(-0.7cm, 1cm) [name=guide-box-right, legend, offset=0, empty=FALSE, original=1cm]
[2026-10-06 14:49:20] [TRACE]   [MetaProViz] Sum of heights: 12.00, sum of widths: 12.00
[2026-10-06 14:49:20] [TRACE]   [MetaProViz] The plot has title, adjusting layout to accommodate it.
[2026-10-06 14:49:20] [TRACE]   [MetaProViz] Parsing unit from `0.5cm`
[2026-10-06 14:49:21] [TRACE]   [MetaProViz] Parsing unit from `12`
[2026-10-06 14:49:21] [TRACE]   [MetaProViz] Parsing unit from `11`
[2026-10-06 14:49:21] [TRACE]   [MetaProViz] Parsing unit from `6cm`
[2026-10-06 14:49:21] [TRACE]   [MetaProViz] Setting widths[7] to 6cm [name=axis-b, offset=0, empty=FALSE, original=1null]
[2026-10-06 14:49:21] [TRACE]   [MetaProViz] Parsing unit from `0cm`
[2026-10-06 14:49:21] [TRACE]   [MetaProViz] Setting widths[1] to 0cm [name=ylab-l, offset=-4, empty=FALSE, original=12points]
[2026-10-06 14:49:21] [TRACE]   [MetaProViz] Parsing unit from `1cm`
[2026-10-06 14:49:21] [TRACE]   [MetaProViz] Setting widths[6] to 1cm [name=axis-l, offset=0, empty=FALSE, original=sum(0cm, 1null, 0.561165983464786cm, 0null, max(0points, -0.210875882108759cm), 0.210875882108759cm)]
[2026-10-06 14:49:21] [TRACE]   [MetaProViz] Parsing unit from `1cm`
[2026-10-06 14:49:21] [TRACE]   [MetaProViz] Setting widths[5] to 1cm [name=ylab-l, offset=0, empty=FALSE, original=1grobwidth]
[2026-10-06 14:49:21] [TRACE]   [MetaProViz] Parsing unit from `0cm`
[2026-10-06 14:49:21] [TRACE]   [MetaProViz] Setting widths[3] to 0cm [name=guide-box-left, offset=0, empty=FALSE, original=0cm]
[2026-10-06 14:49:21] [TRACE]   [MetaProViz] Parsing unit from `0cm`
[2026-10-06 14:49:21] [TRACE]   [MetaProViz] Setting widths[8] to 0cm [name=axis-r, offset=0, empty=FALSE, original=0cm]
[2026-10-06 14:49:21] [TRACE]   [MetaProViz] Parsing unit from `0cm`
[2026-10-06 14:49:21] [TRACE]   [MetaProViz] Setting widths[9] to 0cm [name=ylab-r, offset=0, empty=FALSE, original=0cm]
[2026-10-06 14:49:21] [TRACE]   [MetaProViz] Parsing unit from `1cm`
[2026-10-06 14:49:21] [TRACE]   [MetaProViz] Setting widths[4] to 1cm [name=ylab-l, offset=-1, empty=TRUE, original=0points]
[2026-10-06 14:49:21] [TRACE]   [MetaProViz] Parsing unit from `1cm`
[2026-10-06 14:49:21] [TRACE]   [MetaProViz] Setting widths[11] to 1cm [name=guide-box-right, offset=0, empty=FALSE, original=0cm]
[2026-10-06 14:49:21] [TRACE]   [MetaProViz] Parsing unit from `8cm`
[2026-10-06 14:49:21] [TRACE]   [MetaProViz] Setting heights[9] to 8cm [name=axis-l, offset=0, empty=FALSE, original=1null]
[2026-10-06 14:49:21] [TRACE]   [MetaProViz] Parsing unit from `0.75cm`
[2026-10-06 14:49:21] [TRACE]   [MetaProViz] Setting heights[10] to 0.75cm [name=axis-b, offset=0, empty=FALSE, original=sum(0.210875882108759cm, max(0points, -0.210875882108759cm), 0null, 0.521478483464784cm, 1null, 0cm)]
[2026-10-06 14:49:21] [TRACE]   [MetaProViz] Parsing unit from `0.75cm`
[2026-10-06 14:49:21] [TRACE]   [MetaProViz] Setting heights[11] to 0.75cm [name=xlab-b, offset=0, empty=FALSE, original=1grobheight]
[2026-10-06 14:49:21] [TRACE]   [MetaProViz] Parsing unit from `0cm`
[2026-10-06 14:49:21] [TRACE]   [MetaProViz] Setting heights[1] to 0cm [name=title, offset=-2, empty=FALSE, original=12points]
[2026-10-06 14:49:21] [TRACE]   [MetaProViz] Parsing unit from `0cm`
[2026-10-06 14:49:21] [TRACE]   [MetaProViz] Setting heights[2] to 0cm [name=title, offset=-1, empty=TRUE, original=0points]
[2026-10-06 14:49:21] [TRACE]   [MetaProViz] Parsing unit from `0.25cm`
[2026-10-06 14:49:21] [TRACE]   [MetaProViz] Setting heights[3] to 0.25cm [name=title, offset=0, empty=FALSE, original=1grobheight]
[2026-10-06 14:49:21] [TRACE]   [MetaProViz] Parsing unit from `0cm`
[2026-10-06 14:49:21] [TRACE]   [MetaProViz] Setting heights[4] to 0cm [name=subtitle, offset=0, empty=FALSE, original=1grobheight]
[2026-10-06 14:49:21] [TRACE]   [MetaProViz] Parsing unit from `0cm`
[2026-10-06 14:49:21] [TRACE]   [MetaProViz] Setting heights[5] to 0cm [name=guide-box-top, offset=0, empty=FALSE, original=0cm]
[2026-10-06 14:49:21] [TRACE]   [MetaProViz] Parsing unit from `0cm`
[2026-10-06 14:49:21] [TRACE]   [MetaProViz] Setting heights[6] to 0cm [name=xlab-t, offset=-1, empty=TRUE, original=0points]
[2026-10-06 14:49:21] [TRACE]   [MetaProViz] Setting heights[3] to 0.5cm [name=title, main, offset=0, empty=FALSE, original=0.25cm]
[2026-10-06 14:49:21] [TRACE]   [MetaProViz] Parsing unit from `0.5cm`
[2026-10-06 14:49:21] [TRACE]   [MetaProViz] Setting heights[4] to 0.5cm [name=subtitle, main, offset=0, empty=FALSE, original=0cm]
[2026-10-06 14:49:21] [TRACE]   [MetaProViz] Parsing unit from `-0.70cm`
[2026-10-06 14:49:21] [TRACE]   [MetaProViz] Setting widths[11] to max(-0.7cm, 1cm) [name=guide-box-right, legend, offset=0, empty=FALSE, original=1cm]
[2026-10-06 14:49:21] [TRACE]   [MetaProViz] Sum of heights: 12.00, sum of widths: 12.00
[2026-10-06 14:49:21] [TRACE]   [MetaProViz] The plot has title, adjusting layout to accommodate it.
[2026-10-06 14:49:21] [TRACE]   [MetaProViz] Parsing unit from `0.5cm`
[2026-10-06 14:49:21] [TRACE]   [MetaProViz] Parsing unit from `12`
[2026-10-06 14:49:21] [TRACE]   [MetaProViz] Parsing unit from `11`
[2026-10-06 14:49:21] [TRACE]   [MetaProViz] Parsing unit from `6cm`
[2026-10-06 14:49:21] [TRACE]   [MetaProViz] Setting widths[7] to 6cm [name=axis-b, offset=0, empty=FALSE, original=1null]
[2026-10-06 14:49:21] [TRACE]   [MetaProViz] Parsing unit from `0cm`
[2026-10-06 14:49:21] [TRACE]   [MetaProViz] Setting widths[1] to 0cm [name=ylab-l, offset=-4, empty=FALSE, original=12points]
[2026-10-06 14:49:21] [TRACE]   [MetaProViz] Parsing unit from `1cm`
[2026-10-06 14:49:21] [TRACE]   [MetaProViz] Setting widths[6] to 1cm [name=axis-l, offset=0, empty=FALSE, original=sum(0cm, 1null, 0.561165983464786cm, 0null, max(0points, -0.210875882108759cm), 0.210875882108759cm)]
[2026-10-06 14:49:21] [TRACE]   [MetaProViz] Parsing unit from `1cm`
[2026-10-06 14:49:21] [TRACE]   [MetaProViz] Setting widths[5] to 1cm [name=ylab-l, offset=0, empty=FALSE, original=1grobwidth]
[2026-10-06 14:49:21] [TRACE]   [MetaProViz] Parsing unit from `0cm`
[2026-10-06 14:49:21] [TRACE]   [MetaProViz] Setting widths[3] to 0cm [name=guide-box-left, offset=0, empty=FALSE, original=0cm]
[2026-10-06 14:49:21] [TRACE]   [MetaProViz] Parsing unit from `0cm`
[2026-10-06 14:49:21] [TRACE]   [MetaProViz] Setting widths[8] to 0cm [name=axis-r, offset=0, empty=FALSE, original=0cm]
[2026-10-06 14:49:21] [TRACE]   [MetaProViz] Parsing unit from `0cm`
[2026-10-06 14:49:21] [TRACE]   [MetaProViz] Setting widths[9] to 0cm [name=ylab-r, offset=0, empty=FALSE, original=0cm]
[2026-10-06 14:49:21] [TRACE]   [MetaProViz] Parsing unit from `1cm`
[2026-10-06 14:49:21] [TRACE]   [MetaProViz] Setting widths[4] to 1cm [name=ylab-l, offset=-1, empty=TRUE, original=0points]
[2026-10-06 14:49:21] [TRACE]   [MetaProViz] Parsing unit from `1cm`
[2026-10-06 14:49:21] [TRACE]   [MetaProViz] Setting widths[11] to 1cm [name=guide-box-right, offset=0, empty=FALSE, original=0cm]
[2026-10-06 14:49:21] [TRACE]   [MetaProViz] Parsing unit from `8cm`
[2026-10-06 14:49:21] [TRACE]   [MetaProViz] Setting heights[9] to 8cm [name=axis-l, offset=0, empty=FALSE, original=1null]
[2026-10-06 14:49:21] [TRACE]   [MetaProViz] Parsing unit from `0.75cm`
[2026-10-06 14:49:21] [TRACE]   [MetaProViz] Setting heights[10] to 0.75cm [name=axis-b, offset=0, empty=FALSE, original=sum(0.210875882108759cm, max(0points, -0.210875882108759cm), 0null, 0.521478483464784cm, 1null, 0cm)]
[2026-10-06 14:49:21] [TRACE]   [MetaProViz] Parsing unit from `0.75cm`
[2026-10-06 14:49:21] [TRACE]   [MetaProViz] Setting heights[11] to 0.75cm [name=xlab-b, offset=0, empty=FALSE, original=1grobheight]
[2026-10-06 14:49:21] [TRACE]   [MetaProViz] Parsing unit from `0cm`
[2026-10-06 14:49:21] [TRACE]   [MetaProViz] Setting heights[1] to 0cm [name=title, offset=-2, empty=FALSE, original=12points]
[2026-10-06 14:49:21] [TRACE]   [MetaProViz] Parsing unit from `0cm`
[2026-10-06 14:49:21] [TRACE]   [MetaProViz] Setting heights[2] to 0cm [name=title, offset=-1, empty=TRUE, original=0points]
[2026-10-06 14:49:21] [TRACE]   [MetaProViz] Parsing unit from `0.25cm`
[2026-10-06 14:49:21] [TRACE]   [MetaProViz] Setting heights[3] to 0.25cm [name=title, offset=0, empty=FALSE, original=1grobheight]
[2026-10-06 14:49:21] [TRACE]   [MetaProViz] Parsing unit from `0cm`
[2026-10-06 14:49:21] [TRACE]   [MetaProViz] Setting heights[4] to 0cm [name=subtitle, offset=0, empty=FALSE, original=1grobheight]
[2026-10-06 14:49:21] [TRACE]   [MetaProViz] Parsing unit from `0cm`
[2026-10-06 14:49:21] [TRACE]   [MetaProViz] Setting heights[5] to 0cm [name=guide-box-top, offset=0, empty=FALSE, original=0cm]
[2026-10-06 14:49:21] [TRACE]   [MetaProViz] Parsing unit from `0cm`
[2026-10-06 14:49:21] [TRACE]   [MetaProViz] Setting heights[6] to 0cm [name=xlab-t, offset=-1, empty=TRUE, original=0points]
[2026-10-06 14:49:21] [TRACE]   [MetaProViz] Setting heights[3] to 0.5cm [name=title, main, offset=0, empty=FALSE, original=0.25cm]
[2026-10-06 14:49:21] [TRACE]   [MetaProViz] Parsing unit from `0.5cm`
[2026-10-06 14:49:21] [TRACE]   [MetaProViz] Setting heights[4] to 0.5cm [name=subtitle, main, offset=0, empty=FALSE, original=0cm]
[2026-10-06 14:49:21] [TRACE]   [MetaProViz] Parsing unit from `-0.70cm`
[2026-10-06 14:49:21] [TRACE]   [MetaProViz] Setting widths[11] to max(-0.7cm, 1cm) [name=guide-box-right, legend, offset=0, empty=FALSE, original=1cm]
[2026-10-06 14:49:21] [TRACE]   [MetaProViz] Sum of heights: 12.00, sum of widths: 12.00
[2026-10-06 14:49:24] [TRACE]   [MetaProViz] Warning data_c1 includes NAs in Log2FC and/or in p.adj. 1 metabolites containing NAs are removed.
[2026-10-06 14:49:24] [TRACE]   [MetaProViz] Warning data_c2 includes NAs in Log2FC and/or inp.adj. 1 metabolites containing NAs are removed.
[2026-10-06 14:49:26] [INFO]    [MetaProViz] Processing input SummarizedExperiment object.
[2026-10-06 14:49:30] [INFO]    [MetaProViz] warning: cutoff_stat of 0.05 and cutoff_variance of 1 do only return <= 2L cases, hence no heatmap is plotted.
[2026-10-06 14:49:52] [INFO]    [MetaProViz] Load KEGG.
[2026-10-06 14:49:54] [INFO]    [MetaProViz] MetaLinksDB.
[2026-10-06 14:50:02] [INFO]    [MetaProViz] Missing Value Imputation: Missing value imputation is performed, as a complementary approach to address the missing value problem, where the missing values are imputing using the `half minimum value`. REF: Wei et. al., (2018), Reports, 8, 663, doi:https://doi.org/10.1038/s41598-017-19120-0
[2026-10-06 14:50:02] [INFO]    [MetaProViz] Some features had all NA values in all samples of certain conditions - hence no imputation was done and NA remains for: SAICAR
[2026-10-06 14:50:03] [INFO]    [MetaProViz] Outlier detection: Identification of outlier samples is performed using Hotellin's T2 test to define sample outliers in a mathematical way (Confidence = 0.99 ~ p.val < 0.01) (REF: Hotelling, H. (1931), Annals of Mathematical Statistics. 2 (3), 360-378, doi:https://doi.org/10.1214/aoms/1177732979). hotellins_confidence value selected: 0.99
[2026-10-06 14:50:03] [INFO]    [MetaProViz] viz_pca: PCA plot visualization
[2026-10-06 14:50:03] [INFO]    [MetaProViz] character(0)
[2026-10-06 14:50:03] [INFO]    [MetaProViz] viz_pca colour: #88CCEE, #DDCC77, #661100, #332288, #AA4499, #999933, #44AA99, #882215, #6699CC, #117733, #888888, #CC6677, black, gold1, darkorchid4, red, orange, blue
[2026-10-06 14:50:03] [INFO]    [MetaProViz] viz_pca shape: 15, 17, 16, 18, 6, 7, 8, 11, 12
[2026-10-06 14:50:03] [INFO]    [MetaProViz] viz_pca scale_color: discrete
[2026-10-06 14:50:03] [TRACE]   [MetaProViz] The plot has legend, adjusting layout to accommodate it.
[2026-10-06 14:50:03] [TRACE]   [MetaProViz] Sections: color, shape
[2026-10-06 14:50:03] [TRACE]   [MetaProViz] Legend nchar: 2.50cm, Legend width: 2.50cm
[2026-10-06 14:50:03] [TRACE]   [MetaProViz] Parsing unit from `2.50cm`
[2026-10-06 14:50:03] [TRACE]   [MetaProViz] The plot has title, adjusting layout to accommodate it.
[2026-10-06 14:50:03] [TRACE]   [MetaProViz] Parsing unit from `0.5cm`
[2026-10-06 14:50:03] [TRACE]   [MetaProViz] Parsing unit from `12`
[2026-10-06 14:50:03] [TRACE]   [MetaProViz] Parsing unit from `11`
[2026-10-06 14:50:03] [TRACE]   [MetaProViz] Parsing unit from `8cm`
[2026-10-06 14:50:03] [TRACE]   [MetaProViz] Setting widths[7] to 8cm [name=axis-b, offset=0, empty=FALSE, original=1null]
[2026-10-06 14:50:03] [TRACE]   [MetaProViz] Parsing unit from `0cm`
[2026-10-06 14:50:03] [TRACE]   [MetaProViz] Setting widths[1] to 0cm [name=ylab-l, offset=-4, empty=FALSE, original=5.5points]
[2026-10-06 14:50:03] [TRACE]   [MetaProViz] Parsing unit from `1cm`
[2026-10-06 14:50:03] [TRACE]   [MetaProViz] Setting widths[6] to 1cm [name=axis-l, offset=0, empty=FALSE, original=sum(0cm, 1null, 0.611999976217656cm, 0null, max(0points, -0.0966514459665145cm), 0.0966514459665145cm)]
[2026-10-06 14:50:03] [TRACE]   [MetaProViz] Parsing unit from `1cm`
[2026-10-06 14:50:03] [TRACE]   [MetaProViz] Setting widths[5] to 1cm [name=ylab-l, offset=0, empty=FALSE, original=1grobwidth]
[2026-10-06 14:50:03] [TRACE]   [MetaProViz] Parsing unit from `0cm`
[2026-10-06 14:50:03] [TRACE]   [MetaProViz] Setting widths[3] to 0cm [name=guide-box-left, offset=0, empty=FALSE, original=0cm]
[2026-10-06 14:50:03] [TRACE]   [MetaProViz] Parsing unit from `0cm`
[2026-10-06 14:50:03] [TRACE]   [MetaProViz] Setting widths[8] to 0cm [name=axis-r, offset=0, empty=FALSE, original=0cm]
[2026-10-06 14:50:03] [TRACE]   [MetaProViz] Parsing unit from `0cm`
[2026-10-06 14:50:03] [TRACE]   [MetaProViz] Setting widths[9] to 0cm [name=ylab-r, offset=0, empty=FALSE, original=0cm]
[2026-10-06 14:50:03] [TRACE]   [MetaProViz] Parsing unit from `1cm`
[2026-10-06 14:50:03] [TRACE]   [MetaProViz] Setting widths[4] to 1cm [name=ylab-l, offset=-1, empty=TRUE, original=0points]
[2026-10-06 14:50:03] [TRACE]   [MetaProViz] Parsing unit from `1cm`
[2026-10-06 14:50:03] [TRACE]   [MetaProViz] Setting widths[11] to 1cm [name=guide-box-right, offset=0, empty=FALSE, original=sum(0.5null, 0points, 2.44848437024353cm, 0points, 0.5null)]
[2026-10-06 14:50:03] [TRACE]   [MetaProViz] Parsing unit from `8cm`
[2026-10-06 14:50:03] [TRACE]   [MetaProViz] Setting heights[9] to 8cm [name=axis-l, offset=0, empty=FALSE, original=1null]
[2026-10-06 14:50:03] [TRACE]   [MetaProViz] Parsing unit from `1cm`
[2026-10-06 14:50:03] [TRACE]   [MetaProViz] Setting heights[10] to 1cm [name=axis-b, offset=0, empty=FALSE, original=sum(0.0966514459665145cm, max(0points, -0.0966514459665145cm), 0null, 0.359643635557501cm, 1null, 0cm)]
[2026-10-06 14:50:03] [TRACE]   [MetaProViz] Parsing unit from `.5cm`
[2026-10-06 14:50:03] [TRACE]   [MetaProViz] Setting heights[11] to 0.5cm [name=xlab-b, offset=0, empty=FALSE, original=1grobheight]
[2026-10-06 14:50:03] [TRACE]   [MetaProViz] Parsing unit from `1cm`
[2026-10-06 14:50:03] [TRACE]   [MetaProViz] Setting heights[12] to 1cm [name=xlab-b, offset=1, empty=TRUE, original=0points]
[2026-10-06 14:50:03] [TRACE]   [MetaProViz] Parsing unit from `0cm`
[2026-10-06 14:50:03] [TRACE]   [MetaProViz] Setting heights[1] to 0cm [name=title, offset=-2, empty=FALSE, original=5.5points]
[2026-10-06 14:50:03] [TRACE]   [MetaProViz] Parsing unit from `0cm`
[2026-10-06 14:50:03] [TRACE]   [MetaProViz] Setting heights[2] to 0cm [name=title, offset=-1, empty=TRUE, original=0points]
[2026-10-06 14:50:03] [TRACE]   [MetaProViz] Parsing unit from `0.25cm`
[2026-10-06 14:50:03] [TRACE]   [MetaProViz] Setting heights[3] to 0.25cm [name=title, offset=0, empty=FALSE, original=1grobheight]
[2026-10-06 14:50:03] [TRACE]   [MetaProViz] Parsing unit from `0cm`
[2026-10-06 14:50:03] [TRACE]   [MetaProViz] Setting heights[4] to 0cm [name=subtitle, offset=0, empty=FALSE, original=0cm]
[2026-10-06 14:50:03] [TRACE]   [MetaProViz] Parsing unit from `0cm`
[2026-10-06 14:50:03] [TRACE]   [MetaProViz] Setting heights[5] to 0cm [name=guide-box-top, offset=0, empty=FALSE, original=0cm]
[2026-10-06 14:50:03] [TRACE]   [MetaProViz] Parsing unit from `0cm`
[2026-10-06 14:50:03] [TRACE]   [MetaProViz] Setting heights[6] to 0cm [name=xlab-t, offset=-1, empty=TRUE, original=0points]
[2026-10-06 14:50:03] [TRACE]   [MetaProViz] Setting heights[3] to 0.5cm [name=title, main, offset=0, empty=FALSE, original=0.25cm]
[2026-10-06 14:50:03] [TRACE]   [MetaProViz] Parsing unit from `0.5cm`
[2026-10-06 14:50:03] [TRACE]   [MetaProViz] Setting heights[4] to 0.5cm [name=subtitle, main, offset=0, empty=FALSE, original=0cm]
[2026-10-06 14:50:03] [TRACE]   [MetaProViz] Parsing unit from `-2.45cm`
[2026-10-06 14:50:03] [TRACE]   [MetaProViz] Setting widths[11] to max(-2.45cm, 1cm) [name=guide-box-right, legend, offset=0, empty=FALSE, original=1cm]
[2026-10-06 14:50:03] [TRACE]   [MetaProViz] Adding sum(max(2.5cm, -2.45cm, 1cm), -1*max(-2.45cm, 1cm)) to the total width of the gtable, growing it from 12cm to sum(12cm, max(2.5cm, -2.45cm, 1cm), -1*max(-2.45cm, 1cm)).
[2026-10-06 14:50:03] [TRACE]   [MetaProViz] Setting widths[11] to max(2.5cm, -2.45cm, 1cm) [name=guide-box-right, offset=0, empty=FALSE, original=max(-2.45cm, 1cm)]
[2026-10-06 14:50:03] [TRACE]   [MetaProViz] Sum of heights: 12.00, sum of widths: 13.50
[2026-10-06 14:50:04] [INFO]    [MetaProViz] No sample outliers were found
[2026-10-06 14:50:04] [INFO]    [MetaProViz] viz_pca: PCA plot visualization
[2026-10-06 14:50:04] [INFO]    [MetaProViz] NA values are included in data that were set to 0 prior to performing PCA.
[2026-10-06 14:50:04] [INFO]    [MetaProViz] character(0)
[2026-10-06 14:50:04] [INFO]    [MetaProViz] viz_pca colour: #88CCEE, #DDCC77, #661100, #332288, #AA4499, #999933, #44AA99, #882215, #6699CC, #117733, #888888, #CC6677, black, gold1, darkorchid4, red, orange, blue
[2026-10-06 14:50:04] [INFO]    [MetaProViz] viz_pca shape: 15, 17, 16, 18, 6, 7, 8, 11, 12
[2026-10-06 14:50:04] [INFO]    [MetaProViz] viz_pca scale_color: discrete
[2026-10-06 14:50:04] [TRACE]   [MetaProViz] The plot has legend, adjusting layout to accommodate it.
[2026-10-06 14:50:04] [TRACE]   [MetaProViz] Sections: color, shape
[2026-10-06 14:50:04] [TRACE]   [MetaProViz] Legend nchar: 5.25cm, Legend width: 5.25cm
[2026-10-06 14:50:04] [TRACE]   [MetaProViz] Parsing unit from `5.25cm`
[2026-10-06 14:50:04] [TRACE]   [MetaProViz] The plot has title, adjusting layout to accommodate it.
[2026-10-06 14:50:04] [TRACE]   [MetaProViz] Parsing unit from `0.5cm`
[2026-10-06 14:50:05] [TRACE]   [MetaProViz] Parsing unit from `12`
[2026-10-06 14:50:05] [TRACE]   [MetaProViz] Parsing unit from `11`
[2026-10-06 14:50:05] [TRACE]   [MetaProViz] Parsing unit from `8cm`
[2026-10-06 14:50:05] [TRACE]   [MetaProViz] Setting widths[7] to 8cm [name=axis-b, offset=0, empty=FALSE, original=1null]
[2026-10-06 14:50:05] [TRACE]   [MetaProViz] Parsing unit from `0cm`
[2026-10-06 14:50:05] [TRACE]   [MetaProViz] Setting widths[1] to 0cm [name=ylab-l, offset=-4, empty=FALSE, original=5.5points]
[2026-10-06 14:50:05] [TRACE]   [MetaProViz] Parsing unit from `1cm`
[2026-10-06 14:50:05] [TRACE]   [MetaProViz] Setting widths[6] to 1cm [name=axis-l, offset=0, empty=FALSE, original=sum(0cm, 1null, 0.611999976217656cm, 0null, max(0points, -0.0966514459665145cm), 0.0966514459665145cm)]
[2026-10-06 14:50:05] [TRACE]   [MetaProViz] Parsing unit from `1cm`
[2026-10-06 14:50:05] [TRACE]   [MetaProViz] Setting widths[5] to 1cm [name=ylab-l, offset=0, empty=FALSE, original=1grobwidth]
[2026-10-06 14:50:05] [TRACE]   [MetaProViz] Parsing unit from `0cm`
[2026-10-06 14:50:05] [TRACE]   [MetaProViz] Setting widths[3] to 0cm [name=guide-box-left, offset=0, empty=FALSE, original=0cm]
[2026-10-06 14:50:05] [TRACE]   [MetaProViz] Parsing unit from `0cm`
[2026-10-06 14:50:05] [TRACE]   [MetaProViz] Setting widths[8] to 0cm [name=axis-r, offset=0, empty=FALSE, original=0cm]
[2026-10-06 14:50:05] [TRACE]   [MetaProViz] Parsing unit from `0cm`
[2026-10-06 14:50:05] [TRACE]   [MetaProViz] Setting widths[9] to 0cm [name=ylab-r, offset=0, empty=FALSE, original=0cm]
[2026-10-06 14:50:05] [TRACE]   [MetaProViz] Parsing unit from `1cm`
[2026-10-06 14:50:05] [TRACE]   [MetaProViz] Setting widths[4] to 1cm [name=ylab-l, offset=-1, empty=TRUE, original=0points]
[2026-10-06 14:50:05] [TRACE]   [MetaProViz] Parsing unit from `1cm`
[2026-10-06 14:50:05] [TRACE]   [MetaProViz] Setting widths[11] to 1cm [name=guide-box-right, offset=0, empty=FALSE, original=sum(0.5null, 0points, 4.0615580408105cm, 0points, 0.5null)]
[2026-10-06 14:50:05] [TRACE]   [MetaProViz] Parsing unit from `8cm`
[2026-10-06 14:50:05] [TRACE]   [MetaProViz] Setting heights[9] to 8cm [name=axis-l, offset=0, empty=FALSE, original=1null]
[2026-10-06 14:50:05] [TRACE]   [MetaProViz] Parsing unit from `1cm`
[2026-10-06 14:50:05] [TRACE]   [MetaProViz] Setting heights[10] to 1cm [name=axis-b, offset=0, empty=FALSE, original=sum(0.0966514459665145cm, max(0points, -0.0966514459665145cm), 0null, 0.359643635557501cm, 1null, 0cm)]
[2026-10-06 14:50:05] [TRACE]   [MetaProViz] Parsing unit from `.5cm`
[2026-10-06 14:50:05] [TRACE]   [MetaProViz] Setting heights[11] to 0.5cm [name=xlab-b, offset=0, empty=FALSE, original=1grobheight]
[2026-10-06 14:50:05] [TRACE]   [MetaProViz] Parsing unit from `1cm`
[2026-10-06 14:50:05] [TRACE]   [MetaProViz] Setting heights[12] to 1cm [name=xlab-b, offset=1, empty=TRUE, original=0points]
[2026-10-06 14:50:05] [TRACE]   [MetaProViz] Parsing unit from `0cm`
[2026-10-06 14:50:05] [TRACE]   [MetaProViz] Setting heights[1] to 0cm [name=title, offset=-2, empty=FALSE, original=5.5points]
[2026-10-06 14:50:05] [TRACE]   [MetaProViz] Parsing unit from `0cm`
[2026-10-06 14:50:05] [TRACE]   [MetaProViz] Setting heights[2] to 0cm [name=title, offset=-1, empty=TRUE, original=0points]
[2026-10-06 14:50:05] [TRACE]   [MetaProViz] Parsing unit from `0.25cm`
[2026-10-06 14:50:05] [TRACE]   [MetaProViz] Setting heights[3] to 0.25cm [name=title, offset=0, empty=FALSE, original=1grobheight]
[2026-10-06 14:50:05] [TRACE]   [MetaProViz] Parsing unit from `0cm`
[2026-10-06 14:50:05] [TRACE]   [MetaProViz] Setting heights[4] to 0cm [name=subtitle, offset=0, empty=FALSE, original=0cm]
[2026-10-06 14:50:05] [TRACE]   [MetaProViz] Parsing unit from `0cm`
[2026-10-06 14:50:05] [TRACE]   [MetaProViz] Setting heights[5] to 0cm [name=guide-box-top, offset=0, empty=FALSE, original=0cm]
[2026-10-06 14:50:05] [TRACE]   [MetaProViz] Parsing unit from `0cm`
[2026-10-06 14:50:05] [TRACE]   [MetaProViz] Setting heights[6] to 0cm [name=xlab-t, offset=-1, empty=TRUE, original=0points]
[2026-10-06 14:50:05] [TRACE]   [MetaProViz] Setting heights[3] to 0.5cm [name=title, main, offset=0, empty=FALSE, original=0.25cm]
[2026-10-06 14:50:05] [TRACE]   [MetaProViz] Parsing unit from `0.5cm`
[2026-10-06 14:50:05] [TRACE]   [MetaProViz] Setting heights[4] to 0.5cm [name=subtitle, main, offset=0, empty=FALSE, original=0cm]
[2026-10-06 14:50:05] [TRACE]   [MetaProViz] Parsing unit from `-0.70cm`
[2026-10-06 14:50:05] [TRACE]   [MetaProViz] Setting widths[11] to max(-0.7cm, 1cm) [name=guide-box-right, legend, offset=0, empty=FALSE, original=1cm]
[2026-10-06 14:50:05] [TRACE]   [MetaProViz] Adding sum(max(5.25cm, -0.7cm, 1cm), -1*max(-0.7cm, 1cm)) to the total width of the gtable, growing it from 12cm to sum(12cm, max(5.25cm, -0.7cm, 1cm), -1*max(-0.7cm, 1cm)).
[2026-10-06 14:50:05] [TRACE]   [MetaProViz] Setting widths[11] to max(5.25cm, -0.7cm, 1cm) [name=guide-box-right, offset=0, empty=FALSE, original=max(-0.7cm, 1cm)]
[2026-10-06 14:50:05] [TRACE]   [MetaProViz] Sum of heights: 12.00, sum of widths: 16.25
[2026-10-06 14:50:05] [INFO]    [MetaProViz] NA values are included in data that were set to 0 prior to performing PCA.
[2026-10-06 14:50:05] [INFO]    [MetaProViz] Starting pool estimation.
[2026-10-06 14:50:05] [INFO]    [MetaProViz] Processing input SummarizedExperiment object.
[2026-10-06 14:50:05] [INFO]    [MetaProViz] Selected output directory: `/__w/MetaProViz/MetaProViz/docs/reference/MetaProViz_Results/Processing/pool_estimation`.
[2026-10-06 14:50:05] [TRACE]   [MetaProViz] Creating directory: `/__w/MetaProViz/MetaProViz/docs/reference/MetaProViz_Results/Processing/pool_estimation`.
[2026-10-06 14:50:05] [TRACE]   [MetaProViz] Calculating coefficient of variation.
[2026-10-06 14:50:05] [TRACE]   [MetaProViz] Applying CV cut-off.
[2026-10-06 14:50:05] [INFO]    [MetaProViz] Plotting QC plots.
[2026-10-06 14:50:05] [TRACE]   [MetaProViz] Pool sample PCA.
[2026-10-06 14:50:05] [INFO]    [MetaProViz] viz_pca: PCA plot visualization
[2026-10-06 14:50:05] [INFO]    [MetaProViz] character(0)
[2026-10-06 14:50:05] [INFO]    [MetaProViz] viz_pca colour: #88CCEE, #DDCC77, #661100, #332288, #AA4499, #999933, #44AA99, #882215, #6699CC, #117733, #888888, #CC6677, black, gold1, darkorchid4, red, orange, blue
[2026-10-06 14:50:05] [INFO]    [MetaProViz] viz_pca shape: 15, 17, 16, 18, 6, 7, 8, 11, 12
[2026-10-06 14:50:05] [INFO]    [MetaProViz] viz_pca scale_color: discrete
[2026-10-06 14:50:06] [TRACE]   [MetaProViz] The plot has legend, adjusting layout to accommodate it.
[2026-10-06 14:50:06] [TRACE]   [MetaProViz] Sections: color, shape
[2026-10-06 14:50:06] [TRACE]   [MetaProViz] Legend nchar: 2.75cm, Legend width: 2.75cm
[2026-10-06 14:50:06] [TRACE]   [MetaProViz] Parsing unit from `2.75cm`
[2026-10-06 14:50:06] [TRACE]   [MetaProViz] The plot has title, adjusting layout to accommodate it.
[2026-10-06 14:50:06] [TRACE]   [MetaProViz] Parsing unit from `0.5cm`
[2026-10-06 14:50:06] [TRACE]   [MetaProViz] Parsing unit from `12`
[2026-10-06 14:50:06] [TRACE]   [MetaProViz] Parsing unit from `11`
[2026-10-06 14:50:06] [TRACE]   [MetaProViz] Parsing unit from `8cm`
[2026-10-06 14:50:06] [TRACE]   [MetaProViz] Setting widths[7] to 8cm [name=axis-b, offset=0, empty=FALSE, original=1null]
[2026-10-06 14:50:06] [TRACE]   [MetaProViz] Parsing unit from `0cm`
[2026-10-06 14:50:06] [TRACE]   [MetaProViz] Setting widths[1] to 0cm [name=ylab-l, offset=-4, empty=FALSE, original=5.5points]
[2026-10-06 14:50:06] [TRACE]   [MetaProViz] Parsing unit from `1cm`
[2026-10-06 14:50:06] [TRACE]   [MetaProViz] Setting widths[6] to 1cm [name=axis-l, offset=0, empty=FALSE, original=sum(0cm, 1null, 0.611999976217656cm, 0null, max(0points, -0.0966514459665145cm), 0.0966514459665145cm)]
[2026-10-06 14:50:06] [TRACE]   [MetaProViz] Parsing unit from `1cm`
[2026-10-06 14:50:06] [TRACE]   [MetaProViz] Setting widths[5] to 1cm [name=ylab-l, offset=0, empty=FALSE, original=1grobwidth]
[2026-10-06 14:50:06] [TRACE]   [MetaProViz] Parsing unit from `0cm`
[2026-10-06 14:50:06] [TRACE]   [MetaProViz] Setting widths[3] to 0cm [name=guide-box-left, offset=0, empty=FALSE, original=0cm]
[2026-10-06 14:50:06] [TRACE]   [MetaProViz] Parsing unit from `0cm`
[2026-10-06 14:50:06] [TRACE]   [MetaProViz] Setting widths[8] to 0cm [name=axis-r, offset=0, empty=FALSE, original=0cm]
[2026-10-06 14:50:06] [TRACE]   [MetaProViz] Parsing unit from `0cm`
[2026-10-06 14:50:06] [TRACE]   [MetaProViz] Setting widths[9] to 0cm [name=ylab-r, offset=0, empty=FALSE, original=0cm]
[2026-10-06 14:50:06] [TRACE]   [MetaProViz] Parsing unit from `1cm`
[2026-10-06 14:50:06] [TRACE]   [MetaProViz] Setting widths[4] to 1cm [name=ylab-l, offset=-1, empty=TRUE, original=0points]
[2026-10-06 14:50:06] [TRACE]   [MetaProViz] Parsing unit from `1cm`
[2026-10-06 14:50:06] [TRACE]   [MetaProViz] Setting widths[11] to 1cm [name=guide-box-right, offset=0, empty=FALSE, original=sum(0.5null, 0points, 2.65375422136606cm, 0points, 0.5null)]
[2026-10-06 14:50:06] [TRACE]   [MetaProViz] Parsing unit from `8cm`
[2026-10-06 14:50:06] [TRACE]   [MetaProViz] Setting heights[9] to 8cm [name=axis-l, offset=0, empty=FALSE, original=1null]
[2026-10-06 14:50:06] [TRACE]   [MetaProViz] Parsing unit from `1cm`
[2026-10-06 14:50:06] [TRACE]   [MetaProViz] Setting heights[10] to 1cm [name=axis-b, offset=0, empty=FALSE, original=sum(0.0966514459665145cm, max(0points, -0.0966514459665145cm), 0null, 0.359643635557501cm, 1null, 0cm)]
[2026-10-06 14:50:06] [TRACE]   [MetaProViz] Parsing unit from `.5cm`
[2026-10-06 14:50:06] [TRACE]   [MetaProViz] Setting heights[11] to 0.5cm [name=xlab-b, offset=0, empty=FALSE, original=1grobheight]
[2026-10-06 14:50:06] [TRACE]   [MetaProViz] Parsing unit from `1cm`
[2026-10-06 14:50:06] [TRACE]   [MetaProViz] Setting heights[12] to 1cm [name=xlab-b, offset=1, empty=TRUE, original=0points]
[2026-10-06 14:50:06] [TRACE]   [MetaProViz] Parsing unit from `0cm`
[2026-10-06 14:50:06] [TRACE]   [MetaProViz] Setting heights[1] to 0cm [name=title, offset=-2, empty=FALSE, original=5.5points]
[2026-10-06 14:50:06] [TRACE]   [MetaProViz] Parsing unit from `0cm`
[2026-10-06 14:50:06] [TRACE]   [MetaProViz] Setting heights[2] to 0cm [name=title, offset=-1, empty=TRUE, original=0points]
[2026-10-06 14:50:06] [TRACE]   [MetaProViz] Parsing unit from `0.25cm`
[2026-10-06 14:50:06] [TRACE]   [MetaProViz] Setting heights[3] to 0.25cm [name=title, offset=0, empty=FALSE, original=1grobheight]
[2026-10-06 14:50:06] [TRACE]   [MetaProViz] Parsing unit from `0cm`
[2026-10-06 14:50:06] [TRACE]   [MetaProViz] Setting heights[4] to 0cm [name=subtitle, offset=0, empty=FALSE, original=0cm]
[2026-10-06 14:50:06] [TRACE]   [MetaProViz] Parsing unit from `0cm`
[2026-10-06 14:50:06] [TRACE]   [MetaProViz] Setting heights[5] to 0cm [name=guide-box-top, offset=0, empty=FALSE, original=0cm]
[2026-10-06 14:50:06] [TRACE]   [MetaProViz] Parsing unit from `0cm`
[2026-10-06 14:50:06] [TRACE]   [MetaProViz] Setting heights[6] to 0cm [name=xlab-t, offset=-1, empty=TRUE, original=0points]
[2026-10-06 14:50:06] [TRACE]   [MetaProViz] Setting heights[3] to 0.5cm [name=title, main, offset=0, empty=FALSE, original=0.25cm]
[2026-10-06 14:50:06] [TRACE]   [MetaProViz] Parsing unit from `0.5cm`
[2026-10-06 14:50:06] [TRACE]   [MetaProViz] Setting heights[4] to 0.5cm [name=subtitle, main, offset=0, empty=FALSE, original=0cm]
[2026-10-06 14:50:06] [TRACE]   [MetaProViz] Parsing unit from `-7.45cm`
[2026-10-06 14:50:06] [TRACE]   [MetaProViz] Setting widths[11] to max(-7.45cm, 1cm) [name=guide-box-right, legend, offset=0, empty=FALSE, original=1cm]
[2026-10-06 14:50:06] [TRACE]   [MetaProViz] Adding sum(max(2.75cm, -7.45cm, 1cm), -1*max(-7.45cm, 1cm)) to the total width of the gtable, growing it from 12cm to sum(12cm, max(2.75cm, -7.45cm, 1cm), -1*max(-7.45cm, 1cm)).
[2026-10-06 14:50:06] [TRACE]   [MetaProViz] Setting widths[11] to max(2.75cm, -7.45cm, 1cm) [name=guide-box-right, offset=0, empty=FALSE, original=max(-7.45cm, 1cm)]
[2026-10-06 14:50:06] [TRACE]   [MetaProViz] Sum of heights: 12.00, sum of widths: 13.75
[2026-10-06 14:50:06] [TRACE]   [MetaProViz] CV histogram.
[2026-10-06 14:50:06] [TRACE]   [MetaProViz] The plot has title, adjusting layout to accommodate it.
[2026-10-06 14:50:06] [TRACE]   [MetaProViz] Parsing unit from `0.5cm`
[2026-10-06 14:50:06] [TRACE]   [MetaProViz] Parsing unit from `12`
[2026-10-06 14:50:06] [TRACE]   [MetaProViz] Parsing unit from `11`
[2026-10-06 14:50:06] [TRACE]   [MetaProViz] Parsing unit from `8cm`
[2026-10-06 14:50:06] [TRACE]   [MetaProViz] Setting widths[7] to 8cm [name=axis-b, offset=0, empty=FALSE, original=1null]
[2026-10-06 14:50:06] [TRACE]   [MetaProViz] Parsing unit from `0cm`
[2026-10-06 14:50:06] [TRACE]   [MetaProViz] Setting widths[1] to 0cm [name=ylab-l, offset=-4, empty=FALSE, original=5.5points]
[2026-10-06 14:50:06] [TRACE]   [MetaProViz] Parsing unit from `1cm`
[2026-10-06 14:50:06] [TRACE]   [MetaProViz] Setting widths[6] to 1cm [name=axis-l, offset=0, empty=FALSE, original=sum(0cm, 1null, 0.681453101217656cm, 0null, max(0points, -0.0966514459665145cm), 0.0966514459665145cm)]
[2026-10-06 14:50:06] [TRACE]   [MetaProViz] Parsing unit from `1cm`
[2026-10-06 14:50:06] [TRACE]   [MetaProViz] Setting widths[5] to 1cm [name=ylab-l, offset=0, empty=FALSE, original=1grobwidth]
[2026-10-06 14:50:06] [TRACE]   [MetaProViz] Parsing unit from `0cm`
[2026-10-06 14:50:06] [TRACE]   [MetaProViz] Setting widths[3] to 0cm [name=guide-box-left, offset=0, empty=FALSE, original=0cm]
[2026-10-06 14:50:06] [TRACE]   [MetaProViz] Parsing unit from `0cm`
[2026-10-06 14:50:06] [TRACE]   [MetaProViz] Setting widths[8] to 0cm [name=axis-r, offset=0, empty=FALSE, original=0cm]
[2026-10-06 14:50:06] [TRACE]   [MetaProViz] Parsing unit from `0cm`
[2026-10-06 14:50:06] [TRACE]   [MetaProViz] Setting widths[9] to 0cm [name=ylab-r, offset=0, empty=FALSE, original=0cm]
[2026-10-06 14:50:06] [TRACE]   [MetaProViz] Parsing unit from `1cm`
[2026-10-06 14:50:06] [TRACE]   [MetaProViz] Setting widths[4] to 1cm [name=ylab-l, offset=-1, empty=TRUE, original=0points]
[2026-10-06 14:50:06] [TRACE]   [MetaProViz] Parsing unit from `1cm`
[2026-10-06 14:50:06] [TRACE]   [MetaProViz] Setting widths[11] to 1cm [name=guide-box-right, offset=0, empty=FALSE, original=0cm]
[2026-10-06 14:50:06] [TRACE]   [MetaProViz] Parsing unit from `8cm`
[2026-10-06 14:50:06] [TRACE]   [MetaProViz] Setting heights[9] to 8cm [name=axis-l, offset=0, empty=FALSE, original=1null]
[2026-10-06 14:50:06] [TRACE]   [MetaProViz] Parsing unit from `0.5cm`
[2026-10-06 14:50:06] [TRACE]   [MetaProViz] Setting heights[10] to 0.5cm [name=axis-b, offset=0, empty=FALSE, original=sum(0.0966514459665145cm, max(0points, -0.0966514459665145cm), 0null, 0.359643635557501cm, 1null, 0cm)]
[2026-10-06 14:50:06] [TRACE]   [MetaProViz] Parsing unit from `0.75cm`
[2026-10-06 14:50:06] [TRACE]   [MetaProViz] Setting heights[11] to 0.75cm [name=xlab-b, offset=0, empty=FALSE, original=1grobheight]
[2026-10-06 14:50:06] [TRACE]   [MetaProViz] Parsing unit from `0cm`
[2026-10-06 14:50:06] [TRACE]   [MetaProViz] Setting heights[1] to 0cm [name=title, offset=-2, empty=FALSE, original=5.5points]
[2026-10-06 14:50:06] [TRACE]   [MetaProViz] Parsing unit from `0cm`
[2026-10-06 14:50:06] [TRACE]   [MetaProViz] Setting heights[2] to 0cm [name=title, offset=-1, empty=TRUE, original=0points]
[2026-10-06 14:50:06] [TRACE]   [MetaProViz] Parsing unit from `0.25cm`
[2026-10-06 14:50:06] [TRACE]   [MetaProViz] Setting heights[3] to 0.25cm [name=title, offset=0, empty=FALSE, original=1grobheight]
[2026-10-06 14:50:06] [TRACE]   [MetaProViz] Parsing unit from `0cm`
[2026-10-06 14:50:06] [TRACE]   [MetaProViz] Setting heights[4] to 0cm [name=subtitle, offset=0, empty=FALSE, original=0cm]
[2026-10-06 14:50:06] [TRACE]   [MetaProViz] Parsing unit from `0.5cm`
[2026-10-06 14:50:06] [TRACE]   [MetaProViz] Setting heights[14] to 0.5cm [name=caption, offset=0, empty=FALSE, original=0cm]
[2026-10-06 14:50:06] [TRACE]   [MetaProViz] Parsing unit from `0cm`
[2026-10-06 14:50:06] [TRACE]   [MetaProViz] Setting heights[5] to 0cm [name=guide-box-top, offset=0, empty=FALSE, original=0cm]
[2026-10-06 14:50:06] [TRACE]   [MetaProViz] Parsing unit from `0cm`
[2026-10-06 14:50:06] [TRACE]   [MetaProViz] Setting heights[6] to 0cm [name=xlab-t, offset=-1, empty=TRUE, original=0points]
[2026-10-06 14:50:06] [TRACE]   [MetaProViz] Setting heights[3] to 0.5cm [name=title, main, offset=0, empty=FALSE, original=0.25cm]
[2026-10-06 14:50:06] [TRACE]   [MetaProViz] Parsing unit from `0.5cm`
[2026-10-06 14:50:06] [TRACE]   [MetaProViz] Setting heights[4] to 0.5cm [name=subtitle, main, offset=0, empty=FALSE, original=0cm]
[2026-10-06 14:50:06] [TRACE]   [MetaProViz] Parsing unit from `-2.70cm`
[2026-10-06 14:50:06] [TRACE]   [MetaProViz] Setting widths[11] to max(-2.7cm, 1cm) [name=guide-box-right, legend, offset=0, empty=FALSE, original=1cm]
[2026-10-06 14:50:06] [TRACE]   [MetaProViz] CV violin plot.
[2026-10-06 14:50:06] [TRACE]   [MetaProViz] The plot has title, adjusting layout to accommodate it.
[2026-10-06 14:50:06] [TRACE]   [MetaProViz] Parsing unit from `0.5cm`
[2026-10-06 14:50:07] [TRACE]   [MetaProViz] Parsing unit from `12`
[2026-10-06 14:50:07] [TRACE]   [MetaProViz] Parsing unit from `11`
[2026-10-06 14:50:07] [TRACE]   [MetaProViz] Parsing unit from `8cm`
[2026-10-06 14:50:07] [TRACE]   [MetaProViz] Setting widths[7] to 8cm [name=axis-b, offset=0, empty=FALSE, original=1null]
[2026-10-06 14:50:07] [TRACE]   [MetaProViz] Parsing unit from `0cm`
[2026-10-06 14:50:07] [TRACE]   [MetaProViz] Setting widths[1] to 0cm [name=ylab-l, offset=-4, empty=FALSE, original=5.5points]
[2026-10-06 14:50:07] [TRACE]   [MetaProViz] Parsing unit from `1cm`
[2026-10-06 14:50:07] [TRACE]   [MetaProViz] Setting widths[6] to 1cm [name=axis-l, offset=0, empty=FALSE, original=sum(0cm, 1null, 0.422381920662101cm, 0null, max(0points, -0.0966514459665145cm), 0.0966514459665145cm)]
[2026-10-06 14:50:07] [TRACE]   [MetaProViz] Parsing unit from `1cm`
[2026-10-06 14:50:07] [TRACE]   [MetaProViz] Setting widths[5] to 1cm [name=ylab-l, offset=0, empty=FALSE, original=1grobwidth]
[2026-10-06 14:50:07] [TRACE]   [MetaProViz] Parsing unit from `0cm`
[2026-10-06 14:50:07] [TRACE]   [MetaProViz] Setting widths[3] to 0cm [name=guide-box-left, offset=0, empty=FALSE, original=0cm]
[2026-10-06 14:50:07] [TRACE]   [MetaProViz] Parsing unit from `0cm`
[2026-10-06 14:50:07] [TRACE]   [MetaProViz] Setting widths[8] to 0cm [name=axis-r, offset=0, empty=FALSE, original=0cm]
[2026-10-06 14:50:07] [TRACE]   [MetaProViz] Parsing unit from `0cm`
[2026-10-06 14:50:07] [TRACE]   [MetaProViz] Setting widths[9] to 0cm [name=ylab-r, offset=0, empty=FALSE, original=0cm]
[2026-10-06 14:50:07] [TRACE]   [MetaProViz] Parsing unit from `1cm`
[2026-10-06 14:50:07] [TRACE]   [MetaProViz] Setting widths[4] to 1cm [name=ylab-l, offset=-1, empty=TRUE, original=0points]
[2026-10-06 14:50:07] [TRACE]   [MetaProViz] Parsing unit from `1cm`
[2026-10-06 14:50:07] [TRACE]   [MetaProViz] Setting widths[11] to 1cm [name=guide-box-right, offset=0, empty=FALSE, original=0cm]
[2026-10-06 14:50:07] [TRACE]   [MetaProViz] Parsing unit from `8cm`
[2026-10-06 14:50:07] [TRACE]   [MetaProViz] Setting heights[9] to 8cm [name=axis-l, offset=0, empty=FALSE, original=1null]
[2026-10-06 14:50:07] [TRACE]   [MetaProViz] Parsing unit from `0.5cm`
[2026-10-06 14:50:07] [TRACE]   [MetaProViz] Setting heights[10] to 0.5cm [name=axis-b, offset=0, empty=FALSE, original=sum(0.0966514459665145cm, max(0points, -0.0966514459665145cm), 0null, 0.359643635557501cm, 1null, 0cm)]
[2026-10-06 14:50:07] [TRACE]   [MetaProViz] Parsing unit from `0.75cm`
[2026-10-06 14:50:07] [TRACE]   [MetaProViz] Setting heights[11] to 0.75cm [name=xlab-b, offset=0, empty=FALSE, original=1grobheight]
[2026-10-06 14:50:07] [TRACE]   [MetaProViz] Parsing unit from `0cm`
[2026-10-06 14:50:07] [TRACE]   [MetaProViz] Setting heights[1] to 0cm [name=title, offset=-2, empty=FALSE, original=5.5points]
[2026-10-06 14:50:07] [TRACE]   [MetaProViz] Parsing unit from `0cm`
[2026-10-06 14:50:07] [TRACE]   [MetaProViz] Setting heights[2] to 0cm [name=title, offset=-1, empty=TRUE, original=0points]
[2026-10-06 14:50:07] [TRACE]   [MetaProViz] Parsing unit from `0.25cm`
[2026-10-06 14:50:07] [TRACE]   [MetaProViz] Setting heights[3] to 0.25cm [name=title, offset=0, empty=FALSE, original=1grobheight]
[2026-10-06 14:50:07] [TRACE]   [MetaProViz] Parsing unit from `0cm`
[2026-10-06 14:50:07] [TRACE]   [MetaProViz] Setting heights[4] to 0cm [name=subtitle, offset=0, empty=FALSE, original=0cm]
[2026-10-06 14:50:07] [TRACE]   [MetaProViz] Parsing unit from `0.5cm`
[2026-10-06 14:50:07] [TRACE]   [MetaProViz] Setting heights[14] to 0.5cm [name=caption, offset=0, empty=FALSE, original=0cm]
[2026-10-06 14:50:07] [TRACE]   [MetaProViz] Parsing unit from `0cm`
[2026-10-06 14:50:07] [TRACE]   [MetaProViz] Setting heights[5] to 0cm [name=guide-box-top, offset=0, empty=FALSE, original=0cm]
[2026-10-06 14:50:07] [TRACE]   [MetaProViz] Parsing unit from `0cm`
[2026-10-06 14:50:07] [TRACE]   [MetaProViz] Setting heights[6] to 0cm [name=xlab-t, offset=-1, empty=TRUE, original=0points]
[2026-10-06 14:50:07] [TRACE]   [MetaProViz] Setting heights[3] to 0.5cm [name=title, main, offset=0, empty=FALSE, original=0.25cm]
[2026-10-06 14:50:07] [TRACE]   [MetaProViz] Parsing unit from `0.5cm`
[2026-10-06 14:50:07] [TRACE]   [MetaProViz] Setting heights[4] to 0.5cm [name=subtitle, main, offset=0, empty=FALSE, original=0cm]
[2026-10-06 14:50:07] [TRACE]   [MetaProViz] Parsing unit from `-2.70cm`
[2026-10-06 14:50:07] [TRACE]   [MetaProViz] Setting widths[11] to max(-2.7cm, 1cm) [name=guide-box-right, legend, offset=0, empty=FALSE, original=1cm]
[2026-10-06 14:50:07] [INFO]    [MetaProViz] Preparing saved and returned data.
[2026-10-06 14:50:07] [INFO]    [MetaProViz] Saving results: [save_table=csv, save_plot=svg, path=/__w/MetaProViz/MetaProViz/docs/reference/MetaProViz_Results/Processing/pool_estimation].
[2026-10-06 14:50:08] [INFO]    [MetaProViz] Finished pool estimation.
[2026-10-06 14:50:08] [INFO]    [MetaProViz] Starting pool estimation.
[2026-10-06 14:50:08] [INFO]    [MetaProViz] Selected output directory: `/__w/MetaProViz/MetaProViz/docs/reference/MetaProViz_Results/Processing/pool_estimation`.
[2026-10-06 14:50:08] [TRACE]   [MetaProViz] Calculating coefficient of variation.
[2026-10-06 14:50:08] [TRACE]   [MetaProViz] Applying CV cut-off.
[2026-10-06 14:50:08] [INFO]    [MetaProViz] Plotting QC plots.
[2026-10-06 14:50:08] [TRACE]   [MetaProViz] Pool sample PCA.
[2026-10-06 14:50:08] [INFO]    [MetaProViz] viz_pca: PCA plot visualization
[2026-10-06 14:50:08] [INFO]    [MetaProViz] character(0)
[2026-10-06 14:50:08] [INFO]    [MetaProViz] viz_pca colour: #88CCEE, #DDCC77, #661100, #332288, #AA4499, #999933, #44AA99, #882215, #6699CC, #117733, #888888, #CC6677, black, gold1, darkorchid4, red, orange, blue
[2026-10-06 14:50:08] [INFO]    [MetaProViz] viz_pca shape: 15, 17, 16, 18, 6, 7, 8, 11, 12
[2026-10-06 14:50:08] [INFO]    [MetaProViz] viz_pca scale_color: discrete
[2026-10-06 14:50:08] [TRACE]   [MetaProViz] The plot has legend, adjusting layout to accommodate it.
[2026-10-06 14:50:08] [TRACE]   [MetaProViz] Sections: color, shape
[2026-10-06 14:50:08] [TRACE]   [MetaProViz] Legend nchar: 2.75cm, Legend width: 2.75cm
[2026-10-06 14:50:08] [TRACE]   [MetaProViz] Parsing unit from `2.75cm`
[2026-10-06 14:50:08] [TRACE]   [MetaProViz] The plot has title, adjusting layout to accommodate it.
[2026-10-06 14:50:09] [TRACE]   [MetaProViz] Parsing unit from `0.5cm`
[2026-10-06 14:50:09] [TRACE]   [MetaProViz] Parsing unit from `12`
[2026-10-06 14:50:09] [TRACE]   [MetaProViz] Parsing unit from `11`
[2026-10-06 14:50:09] [TRACE]   [MetaProViz] Parsing unit from `8cm`
[2026-10-06 14:50:09] [TRACE]   [MetaProViz] Setting widths[7] to 8cm [name=axis-b, offset=0, empty=FALSE, original=1null]
[2026-10-06 14:50:09] [TRACE]   [MetaProViz] Parsing unit from `0cm`
[2026-10-06 14:50:09] [TRACE]   [MetaProViz] Setting widths[1] to 0cm [name=ylab-l, offset=-4, empty=FALSE, original=5.5points]
[2026-10-06 14:50:09] [TRACE]   [MetaProViz] Parsing unit from `1cm`
[2026-10-06 14:50:09] [TRACE]   [MetaProViz] Setting widths[6] to 1cm [name=axis-l, offset=0, empty=FALSE, original=sum(0cm, 1null, 0.611999976217656cm, 0null, max(0points, -0.0966514459665145cm), 0.0966514459665145cm)]
[2026-10-06 14:50:09] [TRACE]   [MetaProViz] Parsing unit from `1cm`
[2026-10-06 14:50:09] [TRACE]   [MetaProViz] Setting widths[5] to 1cm [name=ylab-l, offset=0, empty=FALSE, original=1grobwidth]
[2026-10-06 14:50:09] [TRACE]   [MetaProViz] Parsing unit from `0cm`
[2026-10-06 14:50:09] [TRACE]   [MetaProViz] Setting widths[3] to 0cm [name=guide-box-left, offset=0, empty=FALSE, original=0cm]
[2026-10-06 14:50:09] [TRACE]   [MetaProViz] Parsing unit from `0cm`
[2026-10-06 14:50:09] [TRACE]   [MetaProViz] Setting widths[8] to 0cm [name=axis-r, offset=0, empty=FALSE, original=0cm]
[2026-10-06 14:50:09] [TRACE]   [MetaProViz] Parsing unit from `0cm`
[2026-10-06 14:50:09] [TRACE]   [MetaProViz] Setting widths[9] to 0cm [name=ylab-r, offset=0, empty=FALSE, original=0cm]
[2026-10-06 14:50:09] [TRACE]   [MetaProViz] Parsing unit from `1cm`
[2026-10-06 14:50:09] [TRACE]   [MetaProViz] Setting widths[4] to 1cm [name=ylab-l, offset=-1, empty=TRUE, original=0points]
[2026-10-06 14:50:09] [TRACE]   [MetaProViz] Parsing unit from `1cm`
[2026-10-06 14:50:09] [TRACE]   [MetaProViz] Setting widths[11] to 1cm [name=guide-box-right, offset=0, empty=FALSE, original=sum(0.5null, 0points, 2.65375422136606cm, 0points, 0.5null)]
[2026-10-06 14:50:09] [TRACE]   [MetaProViz] Parsing unit from `8cm`
[2026-10-06 14:50:09] [TRACE]   [MetaProViz] Setting heights[9] to 8cm [name=axis-l, offset=0, empty=FALSE, original=1null]
[2026-10-06 14:50:09] [TRACE]   [MetaProViz] Parsing unit from `1cm`
[2026-10-06 14:50:09] [TRACE]   [MetaProViz] Setting heights[10] to 1cm [name=axis-b, offset=0, empty=FALSE, original=sum(0.0966514459665145cm, max(0points, -0.0966514459665145cm), 0null, 0.359643635557501cm, 1null, 0cm)]
[2026-10-06 14:50:09] [TRACE]   [MetaProViz] Parsing unit from `.5cm`
[2026-10-06 14:50:09] [TRACE]   [MetaProViz] Setting heights[11] to 0.5cm [name=xlab-b, offset=0, empty=FALSE, original=1grobheight]
[2026-10-06 14:50:09] [TRACE]   [MetaProViz] Parsing unit from `1cm`
[2026-10-06 14:50:09] [TRACE]   [MetaProViz] Setting heights[12] to 1cm [name=xlab-b, offset=1, empty=TRUE, original=0points]
[2026-10-06 14:50:09] [TRACE]   [MetaProViz] Parsing unit from `0cm`
[2026-10-06 14:50:09] [TRACE]   [MetaProViz] Setting heights[1] to 0cm [name=title, offset=-2, empty=FALSE, original=5.5points]
[2026-10-06 14:50:09] [TRACE]   [MetaProViz] Parsing unit from `0cm`
[2026-10-06 14:50:09] [TRACE]   [MetaProViz] Setting heights[2] to 0cm [name=title, offset=-1, empty=TRUE, original=0points]
[2026-10-06 14:50:09] [TRACE]   [MetaProViz] Parsing unit from `0.25cm`
[2026-10-06 14:50:09] [TRACE]   [MetaProViz] Setting heights[3] to 0.25cm [name=title, offset=0, empty=FALSE, original=1grobheight]
[2026-10-06 14:50:09] [TRACE]   [MetaProViz] Parsing unit from `0cm`
[2026-10-06 14:50:09] [TRACE]   [MetaProViz] Setting heights[4] to 0cm [name=subtitle, offset=0, empty=FALSE, original=0cm]
[2026-10-06 14:50:09] [TRACE]   [MetaProViz] Parsing unit from `0cm`
[2026-10-06 14:50:09] [TRACE]   [MetaProViz] Setting heights[5] to 0cm [name=guide-box-top, offset=0, empty=FALSE, original=0cm]
[2026-10-06 14:50:09] [TRACE]   [MetaProViz] Parsing unit from `0cm`
[2026-10-06 14:50:09] [TRACE]   [MetaProViz] Setting heights[6] to 0cm [name=xlab-t, offset=-1, empty=TRUE, original=0points]
[2026-10-06 14:50:09] [TRACE]   [MetaProViz] Setting heights[3] to 0.5cm [name=title, main, offset=0, empty=FALSE, original=0.25cm]
[2026-10-06 14:50:09] [TRACE]   [MetaProViz] Parsing unit from `0.5cm`
[2026-10-06 14:50:09] [TRACE]   [MetaProViz] Setting heights[4] to 0.5cm [name=subtitle, main, offset=0, empty=FALSE, original=0cm]
[2026-10-06 14:50:09] [TRACE]   [MetaProViz] Parsing unit from `-7.45cm`
[2026-10-06 14:50:09] [TRACE]   [MetaProViz] Setting widths[11] to max(-7.45cm, 1cm) [name=guide-box-right, legend, offset=0, empty=FALSE, original=1cm]
[2026-10-06 14:50:09] [TRACE]   [MetaProViz] Adding sum(max(2.75cm, -7.45cm, 1cm), -1*max(-7.45cm, 1cm)) to the total width of the gtable, growing it from 12cm to sum(12cm, max(2.75cm, -7.45cm, 1cm), -1*max(-7.45cm, 1cm)).
[2026-10-06 14:50:09] [TRACE]   [MetaProViz] Setting widths[11] to max(2.75cm, -7.45cm, 1cm) [name=guide-box-right, offset=0, empty=FALSE, original=max(-7.45cm, 1cm)]
[2026-10-06 14:50:09] [TRACE]   [MetaProViz] Sum of heights: 12.00, sum of widths: 13.75
[2026-10-06 14:50:09] [TRACE]   [MetaProViz] CV histogram.
[2026-10-06 14:50:09] [TRACE]   [MetaProViz] The plot has title, adjusting layout to accommodate it.
[2026-10-06 14:50:09] [TRACE]   [MetaProViz] Parsing unit from `0.5cm`
[2026-10-06 14:50:09] [TRACE]   [MetaProViz] Parsing unit from `12`
[2026-10-06 14:50:09] [TRACE]   [MetaProViz] Parsing unit from `11`
[2026-10-06 14:50:09] [TRACE]   [MetaProViz] Parsing unit from `8cm`
[2026-10-06 14:50:09] [TRACE]   [MetaProViz] Setting widths[7] to 8cm [name=axis-b, offset=0, empty=FALSE, original=1null]
[2026-10-06 14:50:09] [TRACE]   [MetaProViz] Parsing unit from `0cm`
[2026-10-06 14:50:09] [TRACE]   [MetaProViz] Setting widths[1] to 0cm [name=ylab-l, offset=-4, empty=FALSE, original=5.5points]
[2026-10-06 14:50:09] [TRACE]   [MetaProViz] Parsing unit from `1cm`
[2026-10-06 14:50:09] [TRACE]   [MetaProViz] Setting widths[6] to 1cm [name=axis-l, offset=0, empty=FALSE, original=sum(0cm, 1null, 0.681453101217656cm, 0null, max(0points, -0.0966514459665145cm), 0.0966514459665145cm)]
[2026-10-06 14:50:09] [TRACE]   [MetaProViz] Parsing unit from `1cm`
[2026-10-06 14:50:09] [TRACE]   [MetaProViz] Setting widths[5] to 1cm [name=ylab-l, offset=0, empty=FALSE, original=1grobwidth]
[2026-10-06 14:50:09] [TRACE]   [MetaProViz] Parsing unit from `0cm`
[2026-10-06 14:50:09] [TRACE]   [MetaProViz] Setting widths[3] to 0cm [name=guide-box-left, offset=0, empty=FALSE, original=0cm]
[2026-10-06 14:50:09] [TRACE]   [MetaProViz] Parsing unit from `0cm`
[2026-10-06 14:50:09] [TRACE]   [MetaProViz] Setting widths[8] to 0cm [name=axis-r, offset=0, empty=FALSE, original=0cm]
[2026-10-06 14:50:09] [TRACE]   [MetaProViz] Parsing unit from `0cm`
[2026-10-06 14:50:09] [TRACE]   [MetaProViz] Setting widths[9] to 0cm [name=ylab-r, offset=0, empty=FALSE, original=0cm]
[2026-10-06 14:50:09] [TRACE]   [MetaProViz] Parsing unit from `1cm`
[2026-10-06 14:50:09] [TRACE]   [MetaProViz] Setting widths[4] to 1cm [name=ylab-l, offset=-1, empty=TRUE, original=0points]
[2026-10-06 14:50:09] [TRACE]   [MetaProViz] Parsing unit from `1cm`
[2026-10-06 14:50:09] [TRACE]   [MetaProViz] Setting widths[11] to 1cm [name=guide-box-right, offset=0, empty=FALSE, original=0cm]
[2026-10-06 14:50:09] [TRACE]   [MetaProViz] Parsing unit from `8cm`
[2026-10-06 14:50:09] [TRACE]   [MetaProViz] Setting heights[9] to 8cm [name=axis-l, offset=0, empty=FALSE, original=1null]
[2026-10-06 14:50:09] [TRACE]   [MetaProViz] Parsing unit from `0.5cm`
[2026-10-06 14:50:09] [TRACE]   [MetaProViz] Setting heights[10] to 0.5cm [name=axis-b, offset=0, empty=FALSE, original=sum(0.0966514459665145cm, max(0points, -0.0966514459665145cm), 0null, 0.359643635557501cm, 1null, 0cm)]
[2026-10-06 14:50:09] [TRACE]   [MetaProViz] Parsing unit from `0.75cm`
[2026-10-06 14:50:09] [TRACE]   [MetaProViz] Setting heights[11] to 0.75cm [name=xlab-b, offset=0, empty=FALSE, original=1grobheight]
[2026-10-06 14:50:09] [TRACE]   [MetaProViz] Parsing unit from `0cm`
[2026-10-06 14:50:09] [TRACE]   [MetaProViz] Setting heights[1] to 0cm [name=title, offset=-2, empty=FALSE, original=5.5points]
[2026-10-06 14:50:09] [TRACE]   [MetaProViz] Parsing unit from `0cm`
[2026-10-06 14:50:09] [TRACE]   [MetaProViz] Setting heights[2] to 0cm [name=title, offset=-1, empty=TRUE, original=0points]
[2026-10-06 14:50:09] [TRACE]   [MetaProViz] Parsing unit from `0.25cm`
[2026-10-06 14:50:09] [TRACE]   [MetaProViz] Setting heights[3] to 0.25cm [name=title, offset=0, empty=FALSE, original=1grobheight]
[2026-10-06 14:50:09] [TRACE]   [MetaProViz] Parsing unit from `0cm`
[2026-10-06 14:50:09] [TRACE]   [MetaProViz] Setting heights[4] to 0cm [name=subtitle, offset=0, empty=FALSE, original=0cm]
[2026-10-06 14:50:09] [TRACE]   [MetaProViz] Parsing unit from `0.5cm`
[2026-10-06 14:50:09] [TRACE]   [MetaProViz] Setting heights[14] to 0.5cm [name=caption, offset=0, empty=FALSE, original=0cm]
[2026-10-06 14:50:09] [TRACE]   [MetaProViz] Parsing unit from `0cm`
[2026-10-06 14:50:09] [TRACE]   [MetaProViz] Setting heights[5] to 0cm [name=guide-box-top, offset=0, empty=FALSE, original=0cm]
[2026-10-06 14:50:09] [TRACE]   [MetaProViz] Parsing unit from `0cm`
[2026-10-06 14:50:09] [TRACE]   [MetaProViz] Setting heights[6] to 0cm [name=xlab-t, offset=-1, empty=TRUE, original=0points]
[2026-10-06 14:50:09] [TRACE]   [MetaProViz] Setting heights[3] to 0.5cm [name=title, main, offset=0, empty=FALSE, original=0.25cm]
[2026-10-06 14:50:09] [TRACE]   [MetaProViz] Parsing unit from `0.5cm`
[2026-10-06 14:50:09] [TRACE]   [MetaProViz] Setting heights[4] to 0.5cm [name=subtitle, main, offset=0, empty=FALSE, original=0cm]
[2026-10-06 14:50:09] [TRACE]   [MetaProViz] Parsing unit from `-2.70cm`
[2026-10-06 14:50:09] [TRACE]   [MetaProViz] Setting widths[11] to max(-2.7cm, 1cm) [name=guide-box-right, legend, offset=0, empty=FALSE, original=1cm]
[2026-10-06 14:50:09] [TRACE]   [MetaProViz] CV violin plot.
[2026-10-06 14:50:09] [TRACE]   [MetaProViz] The plot has title, adjusting layout to accommodate it.
[2026-10-06 14:50:09] [TRACE]   [MetaProViz] Parsing unit from `0.5cm`
[2026-10-06 14:50:09] [TRACE]   [MetaProViz] Parsing unit from `12`
[2026-10-06 14:50:09] [TRACE]   [MetaProViz] Parsing unit from `11`
[2026-10-06 14:50:09] [TRACE]   [MetaProViz] Parsing unit from `8cm`
[2026-10-06 14:50:09] [TRACE]   [MetaProViz] Setting widths[7] to 8cm [name=axis-b, offset=0, empty=FALSE, original=1null]
[2026-10-06 14:50:09] [TRACE]   [MetaProViz] Parsing unit from `0cm`
[2026-10-06 14:50:09] [TRACE]   [MetaProViz] Setting widths[1] to 0cm [name=ylab-l, offset=-4, empty=FALSE, original=5.5points]
[2026-10-06 14:50:09] [TRACE]   [MetaProViz] Parsing unit from `1cm`
[2026-10-06 14:50:09] [TRACE]   [MetaProViz] Setting widths[6] to 1cm [name=axis-l, offset=0, empty=FALSE, original=sum(0cm, 1null, 0.422381920662101cm, 0null, max(0points, -0.0966514459665145cm), 0.0966514459665145cm)]
[2026-10-06 14:50:09] [TRACE]   [MetaProViz] Parsing unit from `1cm`
[2026-10-06 14:50:09] [TRACE]   [MetaProViz] Setting widths[5] to 1cm [name=ylab-l, offset=0, empty=FALSE, original=1grobwidth]
[2026-10-06 14:50:09] [TRACE]   [MetaProViz] Parsing unit from `0cm`
[2026-10-06 14:50:09] [TRACE]   [MetaProViz] Setting widths[3] to 0cm [name=guide-box-left, offset=0, empty=FALSE, original=0cm]
[2026-10-06 14:50:09] [TRACE]   [MetaProViz] Parsing unit from `0cm`
[2026-10-06 14:50:09] [TRACE]   [MetaProViz] Setting widths[8] to 0cm [name=axis-r, offset=0, empty=FALSE, original=0cm]
[2026-10-06 14:50:09] [TRACE]   [MetaProViz] Parsing unit from `0cm`
[2026-10-06 14:50:09] [TRACE]   [MetaProViz] Setting widths[9] to 0cm [name=ylab-r, offset=0, empty=FALSE, original=0cm]
[2026-10-06 14:50:09] [TRACE]   [MetaProViz] Parsing unit from `1cm`
[2026-10-06 14:50:09] [TRACE]   [MetaProViz] Setting widths[4] to 1cm [name=ylab-l, offset=-1, empty=TRUE, original=0points]
[2026-10-06 14:50:09] [TRACE]   [MetaProViz] Parsing unit from `1cm`
[2026-10-06 14:50:09] [TRACE]   [MetaProViz] Setting widths[11] to 1cm [name=guide-box-right, offset=0, empty=FALSE, original=0cm]
[2026-10-06 14:50:09] [TRACE]   [MetaProViz] Parsing unit from `8cm`
[2026-10-06 14:50:09] [TRACE]   [MetaProViz] Setting heights[9] to 8cm [name=axis-l, offset=0, empty=FALSE, original=1null]
[2026-10-06 14:50:09] [TRACE]   [MetaProViz] Parsing unit from `0.5cm`
[2026-10-06 14:50:09] [TRACE]   [MetaProViz] Setting heights[10] to 0.5cm [name=axis-b, offset=0, empty=FALSE, original=sum(0.0966514459665145cm, max(0points, -0.0966514459665145cm), 0null, 0.359643635557501cm, 1null, 0cm)]
[2026-10-06 14:50:09] [TRACE]   [MetaProViz] Parsing unit from `0.75cm`
[2026-10-06 14:50:09] [TRACE]   [MetaProViz] Setting heights[11] to 0.75cm [name=xlab-b, offset=0, empty=FALSE, original=1grobheight]
[2026-10-06 14:50:09] [TRACE]   [MetaProViz] Parsing unit from `0cm`
[2026-10-06 14:50:09] [TRACE]   [MetaProViz] Setting heights[1] to 0cm [name=title, offset=-2, empty=FALSE, original=5.5points]
[2026-10-06 14:50:09] [TRACE]   [MetaProViz] Parsing unit from `0cm`
[2026-10-06 14:50:09] [TRACE]   [MetaProViz] Setting heights[2] to 0cm [name=title, offset=-1, empty=TRUE, original=0points]
[2026-10-06 14:50:09] [TRACE]   [MetaProViz] Parsing unit from `0.25cm`
[2026-10-06 14:50:09] [TRACE]   [MetaProViz] Setting heights[3] to 0.25cm [name=title, offset=0, empty=FALSE, original=1grobheight]
[2026-10-06 14:50:09] [TRACE]   [MetaProViz] Parsing unit from `0cm`
[2026-10-06 14:50:09] [TRACE]   [MetaProViz] Setting heights[4] to 0cm [name=subtitle, offset=0, empty=FALSE, original=0cm]
[2026-10-06 14:50:09] [TRACE]   [MetaProViz] Parsing unit from `0.5cm`
[2026-10-06 14:50:09] [TRACE]   [MetaProViz] Setting heights[14] to 0.5cm [name=caption, offset=0, empty=FALSE, original=0cm]
[2026-10-06 14:50:09] [TRACE]   [MetaProViz] Parsing unit from `0cm`
[2026-10-06 14:50:09] [TRACE]   [MetaProViz] Setting heights[5] to 0cm [name=guide-box-top, offset=0, empty=FALSE, original=0cm]
[2026-10-06 14:50:09] [TRACE]   [MetaProViz] Parsing unit from `0cm`
[2026-10-06 14:50:09] [TRACE]   [MetaProViz] Setting heights[6] to 0cm [name=xlab-t, offset=-1, empty=TRUE, original=0points]
[2026-10-06 14:50:09] [TRACE]   [MetaProViz] Setting heights[3] to 0.5cm [name=title, main, offset=0, empty=FALSE, original=0.25cm]
[2026-10-06 14:50:09] [TRACE]   [MetaProViz] Parsing unit from `0.5cm`
[2026-10-06 14:50:09] [TRACE]   [MetaProViz] Setting heights[4] to 0.5cm [name=subtitle, main, offset=0, empty=FALSE, original=0cm]
[2026-10-06 14:50:09] [TRACE]   [MetaProViz] Parsing unit from `-2.70cm`
[2026-10-06 14:50:09] [TRACE]   [MetaProViz] Setting widths[11] to max(-2.7cm, 1cm) [name=guide-box-right, legend, offset=0, empty=FALSE, original=1cm]
[2026-10-06 14:50:09] [INFO]    [MetaProViz] Preparing saved and returned data.
[2026-10-06 14:50:09] [INFO]    [MetaProViz] Saving results: [save_table=csv, save_plot=svg, path=/__w/MetaProViz/MetaProViz/docs/reference/MetaProViz_Results/Processing/pool_estimation].
[2026-10-06 14:50:11] [INFO]    [MetaProViz] Finished pool estimation.
[2026-10-06 14:50:13] [INFO]    [MetaProViz] feature_filtering: Here we apply the modified 80%-filtering rule that takes the class information (Column `Conditions`) into account, which additionally reduces the effect of missing values (REF: Yang et. al., (2015), doi: 10.3389/fmolb.2015.00004). Filtering value selected: 0.8
[2026-10-06 14:50:13] [INFO]    [MetaProViz] 3 metabolites where removed: FAICAR, SAICAR, AICAR
[2026-10-06 14:50:13] [INFO]    [MetaProViz] Missing Value Imputation: Missing value imputation is performed, as a complementary approach to address the missing value problem, where the missing values are imputing using the `half minimum value`. REF: Wei et. al., (2018), Reports, 8, 663, doi:https://doi.org/10.1038/s41598-017-19120-0
[2026-10-06 14:50:14] [INFO]    [MetaProViz] total Ion Count (tic) normalization: total Ion Count (tic) normalization is used to reduce the variation from non-biological sources, while maintaining the biological variation. REF: Wulff et. al., (2018), Advances in Bioscience and Biotechnology, 9, 339-351, doi:https://doi.org/10.4236/abb.2018.98022
[2026-10-06 14:50:17] [INFO]    [MetaProViz] Outlier detection: Identification of outlier samples is performed using Hotellin's T2 test to define sample outliers in a mathematical way (Confidence = 0.99 ~ p.val < 0.01) (REF: Hotelling, H. (1931), Annals of Mathematical Statistics. 2 (3), 360-378, doi:https://doi.org/10.1214/aoms/1177732979). hotellins_confidence value selected: 0.99
[2026-10-06 14:50:17] [INFO]    [MetaProViz] viz_pca: PCA plot visualization
[2026-10-06 14:50:17] [INFO]    [MetaProViz] character(0)
[2026-10-06 14:50:17] [INFO]    [MetaProViz] viz_pca colour: #88CCEE, #DDCC77, #661100, #332288, #AA4499, #999933, #44AA99, #882215, #6699CC, #117733, #888888, #CC6677, black, gold1, darkorchid4, red, orange, blue
[2026-10-06 14:50:17] [INFO]    [MetaProViz] viz_pca shape: 15, 17, 16, 18, 6, 7, 8, 11, 12
[2026-10-06 14:50:17] [INFO]    [MetaProViz] viz_pca scale_color: discrete
[2026-10-06 14:50:17] [TRACE]   [MetaProViz] The plot has legend, adjusting layout to accommodate it.
[2026-10-06 14:50:17] [TRACE]   [MetaProViz] Sections: color, shape
[2026-10-06 14:50:18] [TRACE]   [MetaProViz] Legend nchar: 2.50cm, Legend width: 2.50cm
[2026-10-06 14:50:18] [TRACE]   [MetaProViz] Parsing unit from `2.50cm`
[2026-10-06 14:50:18] [TRACE]   [MetaProViz] The plot has title, adjusting layout to accommodate it.
[2026-10-06 14:50:18] [TRACE]   [MetaProViz] Parsing unit from `0.5cm`
[2026-10-06 14:50:18] [TRACE]   [MetaProViz] Parsing unit from `12`
[2026-10-06 14:50:18] [TRACE]   [MetaProViz] Parsing unit from `11`
[2026-10-06 14:50:18] [TRACE]   [MetaProViz] Parsing unit from `8cm`
[2026-10-06 14:50:18] [TRACE]   [MetaProViz] Setting widths[7] to 8cm [name=axis-b, offset=0, empty=FALSE, original=1null]
[2026-10-06 14:50:18] [TRACE]   [MetaProViz] Parsing unit from `0cm`
[2026-10-06 14:50:18] [TRACE]   [MetaProViz] Setting widths[1] to 0cm [name=ylab-l, offset=-4, empty=FALSE, original=5.5points]
[2026-10-06 14:50:18] [TRACE]   [MetaProViz] Parsing unit from `1cm`
[2026-10-06 14:50:18] [TRACE]   [MetaProViz] Setting widths[6] to 1cm [name=axis-l, offset=0, empty=FALSE, original=sum(0cm, 1null, 0.784530358162101cm, 0null, max(0points, -0.0966514459665145cm), 0.0966514459665145cm)]
[2026-10-06 14:50:18] [TRACE]   [MetaProViz] Parsing unit from `1cm`
[2026-10-06 14:50:18] [TRACE]   [MetaProViz] Setting widths[5] to 1cm [name=ylab-l, offset=0, empty=FALSE, original=1grobwidth]
[2026-10-06 14:50:18] [TRACE]   [MetaProViz] Parsing unit from `0cm`
[2026-10-06 14:50:18] [TRACE]   [MetaProViz] Setting widths[3] to 0cm [name=guide-box-left, offset=0, empty=FALSE, original=0cm]
[2026-10-06 14:50:18] [TRACE]   [MetaProViz] Parsing unit from `0cm`
[2026-10-06 14:50:18] [TRACE]   [MetaProViz] Setting widths[8] to 0cm [name=axis-r, offset=0, empty=FALSE, original=0cm]
[2026-10-06 14:50:18] [TRACE]   [MetaProViz] Parsing unit from `0cm`
[2026-10-06 14:50:18] [TRACE]   [MetaProViz] Setting widths[9] to 0cm [name=ylab-r, offset=0, empty=FALSE, original=0cm]
[2026-10-06 14:50:18] [TRACE]   [MetaProViz] Parsing unit from `1cm`
[2026-10-06 14:50:18] [TRACE]   [MetaProViz] Setting widths[4] to 1cm [name=ylab-l, offset=-1, empty=TRUE, original=0points]
[2026-10-06 14:50:18] [TRACE]   [MetaProViz] Parsing unit from `1cm`
[2026-10-06 14:50:18] [TRACE]   [MetaProViz] Setting widths[11] to 1cm [name=guide-box-right, offset=0, empty=FALSE, original=sum(0.5null, 0points, 2.44848437024353cm, 0points, 0.5null)]
[2026-10-06 14:50:18] [TRACE]   [MetaProViz] Parsing unit from `8cm`
[2026-10-06 14:50:18] [TRACE]   [MetaProViz] Setting heights[9] to 8cm [name=axis-l, offset=0, empty=FALSE, original=1null]
[2026-10-06 14:50:18] [TRACE]   [MetaProViz] Parsing unit from `1cm`
[2026-10-06 14:50:18] [TRACE]   [MetaProViz] Setting heights[10] to 1cm [name=axis-b, offset=0, empty=FALSE, original=sum(0.0966514459665145cm, max(0points, -0.0966514459665145cm), 0null, 0.359643635557501cm, 1null, 0cm)]
[2026-10-06 14:50:18] [TRACE]   [MetaProViz] Parsing unit from `.5cm`
[2026-10-06 14:50:18] [TRACE]   [MetaProViz] Setting heights[11] to 0.5cm [name=xlab-b, offset=0, empty=FALSE, original=1grobheight]
[2026-10-06 14:50:18] [TRACE]   [MetaProViz] Parsing unit from `1cm`
[2026-10-06 14:50:18] [TRACE]   [MetaProViz] Setting heights[12] to 1cm [name=xlab-b, offset=1, empty=TRUE, original=0points]
[2026-10-06 14:50:18] [TRACE]   [MetaProViz] Parsing unit from `0cm`
[2026-10-06 14:50:18] [TRACE]   [MetaProViz] Setting heights[1] to 0cm [name=title, offset=-2, empty=FALSE, original=5.5points]
[2026-10-06 14:50:18] [TRACE]   [MetaProViz] Parsing unit from `0cm`
[2026-10-06 14:50:18] [TRACE]   [MetaProViz] Setting heights[2] to 0cm [name=title, offset=-1, empty=TRUE, original=0points]
[2026-10-06 14:50:18] [TRACE]   [MetaProViz] Parsing unit from `0.25cm`
[2026-10-06 14:50:18] [TRACE]   [MetaProViz] Setting heights[3] to 0.25cm [name=title, offset=0, empty=FALSE, original=1grobheight]
[2026-10-06 14:50:18] [TRACE]   [MetaProViz] Parsing unit from `0cm`
[2026-10-06 14:50:18] [TRACE]   [MetaProViz] Setting heights[4] to 0cm [name=subtitle, offset=0, empty=FALSE, original=0cm]
[2026-10-06 14:50:18] [TRACE]   [MetaProViz] Parsing unit from `0cm`
[2026-10-06 14:50:18] [TRACE]   [MetaProViz] Setting heights[5] to 0cm [name=guide-box-top, offset=0, empty=FALSE, original=0cm]
[2026-10-06 14:50:18] [TRACE]   [MetaProViz] Parsing unit from `0cm`
[2026-10-06 14:50:18] [TRACE]   [MetaProViz] Setting heights[6] to 0cm [name=xlab-t, offset=-1, empty=TRUE, original=0points]
[2026-10-06 14:50:18] [TRACE]   [MetaProViz] Setting heights[3] to 0.5cm [name=title, main, offset=0, empty=FALSE, original=0.25cm]
[2026-10-06 14:50:18] [TRACE]   [MetaProViz] Parsing unit from `0.5cm`
[2026-10-06 14:50:18] [TRACE]   [MetaProViz] Setting heights[4] to 0.5cm [name=subtitle, main, offset=0, empty=FALSE, original=0cm]
[2026-10-06 14:50:18] [TRACE]   [MetaProViz] Parsing unit from `-2.45cm`
[2026-10-06 14:50:18] [TRACE]   [MetaProViz] Setting widths[11] to max(-2.45cm, 1cm) [name=guide-box-right, legend, offset=0, empty=FALSE, original=1cm]
[2026-10-06 14:50:18] [TRACE]   [MetaProViz] Adding sum(max(2.5cm, -2.45cm, 1cm), -1*max(-2.45cm, 1cm)) to the total width of the gtable, growing it from 12cm to sum(12cm, max(2.5cm, -2.45cm, 1cm), -1*max(-2.45cm, 1cm)).
[2026-10-06 14:50:18] [TRACE]   [MetaProViz] Setting widths[11] to max(2.5cm, -2.45cm, 1cm) [name=guide-box-right, offset=0, empty=FALSE, original=max(-2.45cm, 1cm)]
[2026-10-06 14:50:18] [TRACE]   [MetaProViz] Sum of heights: 12.00, sum of widths: 13.50
[2026-10-06 14:50:18] [INFO]    [MetaProViz] viz_pca: PCA plot visualization
[2026-10-06 14:50:18] [INFO]    [MetaProViz] character(0)
[2026-10-06 14:50:18] [INFO]    [MetaProViz] viz_pca colour: #88CCEE, #DDCC77, #661100, #332288, #AA4499, #999933, #44AA99, #882215, #6699CC, #117733, #888888, #CC6677, black, gold1, darkorchid4, red, orange, blue
[2026-10-06 14:50:18] [INFO]    [MetaProViz] viz_pca shape: 15, 17, 16, 18, 6, 7, 8, 11, 12
[2026-10-06 14:50:18] [INFO]    [MetaProViz] viz_pca scale_color: discrete
[2026-10-06 14:50:18] [TRACE]   [MetaProViz] The plot has legend, adjusting layout to accommodate it.
[2026-10-06 14:50:18] [TRACE]   [MetaProViz] Sections: color, shape
[2026-10-06 14:50:18] [TRACE]   [MetaProViz] Legend nchar: 2.50cm, Legend width: 2.50cm
[2026-10-06 14:50:18] [TRACE]   [MetaProViz] Parsing unit from `2.50cm`
[2026-10-06 14:50:18] [TRACE]   [MetaProViz] The plot has title, adjusting layout to accommodate it.
[2026-10-06 14:50:18] [TRACE]   [MetaProViz] Parsing unit from `0.5cm`
[2026-10-06 14:50:19] [TRACE]   [MetaProViz] Parsing unit from `12`
[2026-10-06 14:50:19] [TRACE]   [MetaProViz] Parsing unit from `11`
[2026-10-06 14:50:19] [TRACE]   [MetaProViz] Parsing unit from `8cm`
[2026-10-06 14:50:19] [TRACE]   [MetaProViz] Setting widths[7] to 8cm [name=axis-b, offset=0, empty=FALSE, original=1null]
[2026-10-06 14:50:19] [TRACE]   [MetaProViz] Parsing unit from `0cm`
[2026-10-06 14:50:19] [TRACE]   [MetaProViz] Setting widths[1] to 0cm [name=ylab-l, offset=-4, empty=FALSE, original=5.5points]
[2026-10-06 14:50:19] [TRACE]   [MetaProViz] Parsing unit from `1cm`
[2026-10-06 14:50:19] [TRACE]   [MetaProViz] Setting widths[6] to 1cm [name=axis-l, offset=0, empty=FALSE, original=sum(0cm, 1null, 0.611999976217656cm, 0null, max(0points, -0.0966514459665145cm), 0.0966514459665145cm)]
[2026-10-06 14:50:19] [TRACE]   [MetaProViz] Parsing unit from `1cm`
[2026-10-06 14:50:19] [TRACE]   [MetaProViz] Setting widths[5] to 1cm [name=ylab-l, offset=0, empty=FALSE, original=1grobwidth]
[2026-10-06 14:50:19] [TRACE]   [MetaProViz] Parsing unit from `0cm`
[2026-10-06 14:50:19] [TRACE]   [MetaProViz] Setting widths[3] to 0cm [name=guide-box-left, offset=0, empty=FALSE, original=0cm]
[2026-10-06 14:50:19] [TRACE]   [MetaProViz] Parsing unit from `0cm`
[2026-10-06 14:50:19] [TRACE]   [MetaProViz] Setting widths[8] to 0cm [name=axis-r, offset=0, empty=FALSE, original=0cm]
[2026-10-06 14:50:19] [TRACE]   [MetaProViz] Parsing unit from `0cm`
[2026-10-06 14:50:19] [TRACE]   [MetaProViz] Setting widths[9] to 0cm [name=ylab-r, offset=0, empty=FALSE, original=0cm]
[2026-10-06 14:50:19] [TRACE]   [MetaProViz] Parsing unit from `1cm`
[2026-10-06 14:50:19] [TRACE]   [MetaProViz] Setting widths[4] to 1cm [name=ylab-l, offset=-1, empty=TRUE, original=0points]
[2026-10-06 14:50:19] [TRACE]   [MetaProViz] Parsing unit from `1cm`
[2026-10-06 14:50:19] [TRACE]   [MetaProViz] Setting widths[11] to 1cm [name=guide-box-right, offset=0, empty=FALSE, original=sum(0.5null, 0points, 2.44848437024353cm, 0points, 0.5null)]
[2026-10-06 14:50:19] [TRACE]   [MetaProViz] Parsing unit from `8cm`
[2026-10-06 14:50:19] [TRACE]   [MetaProViz] Setting heights[9] to 8cm [name=axis-l, offset=0, empty=FALSE, original=1null]
[2026-10-06 14:50:19] [TRACE]   [MetaProViz] Parsing unit from `1cm`
[2026-10-06 14:50:19] [TRACE]   [MetaProViz] Setting heights[10] to 1cm [name=axis-b, offset=0, empty=FALSE, original=sum(0.0966514459665145cm, max(0points, -0.0966514459665145cm), 0null, 0.359643635557501cm, 1null, 0cm)]
[2026-10-06 14:50:19] [TRACE]   [MetaProViz] Parsing unit from `.5cm`
[2026-10-06 14:50:19] [TRACE]   [MetaProViz] Setting heights[11] to 0.5cm [name=xlab-b, offset=0, empty=FALSE, original=1grobheight]
[2026-10-06 14:50:19] [TRACE]   [MetaProViz] Parsing unit from `1cm`
[2026-10-06 14:50:19] [TRACE]   [MetaProViz] Setting heights[12] to 1cm [name=xlab-b, offset=1, empty=TRUE, original=0points]
[2026-10-06 14:50:19] [TRACE]   [MetaProViz] Parsing unit from `0cm`
[2026-10-06 14:50:19] [TRACE]   [MetaProViz] Setting heights[1] to 0cm [name=title, offset=-2, empty=FALSE, original=5.5points]
[2026-10-06 14:50:19] [TRACE]   [MetaProViz] Parsing unit from `0cm`
[2026-10-06 14:50:19] [TRACE]   [MetaProViz] Setting heights[2] to 0cm [name=title, offset=-1, empty=TRUE, original=0points]
[2026-10-06 14:50:19] [TRACE]   [MetaProViz] Parsing unit from `0.25cm`
[2026-10-06 14:50:19] [TRACE]   [MetaProViz] Setting heights[3] to 0.25cm [name=title, offset=0, empty=FALSE, original=1grobheight]
[2026-10-06 14:50:19] [TRACE]   [MetaProViz] Parsing unit from `0cm`
[2026-10-06 14:50:19] [TRACE]   [MetaProViz] Setting heights[4] to 0cm [name=subtitle, offset=0, empty=FALSE, original=0cm]
[2026-10-06 14:50:19] [TRACE]   [MetaProViz] Parsing unit from `0cm`
[2026-10-06 14:50:19] [TRACE]   [MetaProViz] Setting heights[5] to 0cm [name=guide-box-top, offset=0, empty=FALSE, original=0cm]
[2026-10-06 14:50:19] [TRACE]   [MetaProViz] Parsing unit from `0cm`
[2026-10-06 14:50:19] [TRACE]   [MetaProViz] Setting heights[6] to 0cm [name=xlab-t, offset=-1, empty=TRUE, original=0points]
[2026-10-06 14:50:19] [TRACE]   [MetaProViz] Setting heights[3] to 0.5cm [name=title, main, offset=0, empty=FALSE, original=0.25cm]
[2026-10-06 14:50:19] [TRACE]   [MetaProViz] Parsing unit from `0.5cm`
[2026-10-06 14:50:19] [TRACE]   [MetaProViz] Setting heights[4] to 0.5cm [name=subtitle, main, offset=0, empty=FALSE, original=0cm]
[2026-10-06 14:50:19] [TRACE]   [MetaProViz] Parsing unit from `-2.45cm`
[2026-10-06 14:50:19] [TRACE]   [MetaProViz] Setting widths[11] to max(-2.45cm, 1cm) [name=guide-box-right, legend, offset=0, empty=FALSE, original=1cm]
[2026-10-06 14:50:19] [TRACE]   [MetaProViz] Adding sum(max(2.5cm, -2.45cm, 1cm), -1*max(-2.45cm, 1cm)) to the total width of the gtable, growing it from 12cm to sum(12cm, max(2.5cm, -2.45cm, 1cm), -1*max(-2.45cm, 1cm)).
[2026-10-06 14:50:19] [TRACE]   [MetaProViz] Setting widths[11] to max(2.5cm, -2.45cm, 1cm) [name=guide-box-right, offset=0, empty=FALSE, original=max(-2.45cm, 1cm)]
[2026-10-06 14:50:19] [TRACE]   [MetaProViz] Sum of heights: 12.00, sum of widths: 13.50
[2026-10-06 14:50:19] [INFO]    [MetaProViz] viz_pca: PCA plot visualization
[2026-10-06 14:50:19] [INFO]    [MetaProViz] character(0)
[2026-10-06 14:50:19] [INFO]    [MetaProViz] viz_pca colour: #88CCEE, #DDCC77, #661100, #332288, #AA4499, #999933, #44AA99, #882215, #6699CC, #117733, #888888, #CC6677, black, gold1, darkorchid4, red, orange, blue
[2026-10-06 14:50:19] [INFO]    [MetaProViz] viz_pca shape: 15, 17, 16, 18, 6, 7, 8, 11, 12
[2026-10-06 14:50:19] [INFO]    [MetaProViz] viz_pca scale_color: discrete
[2026-10-06 14:50:19] [TRACE]   [MetaProViz] The plot has legend, adjusting layout to accommodate it.
[2026-10-06 14:50:19] [TRACE]   [MetaProViz] Sections: color, shape
[2026-10-06 14:50:19] [TRACE]   [MetaProViz] Legend nchar: 2.50cm, Legend width: 2.50cm
[2026-10-06 14:50:19] [TRACE]   [MetaProViz] Parsing unit from `2.50cm`
[2026-10-06 14:50:19] [TRACE]   [MetaProViz] The plot has title, adjusting layout to accommodate it.
[2026-10-06 14:50:19] [TRACE]   [MetaProViz] Parsing unit from `0.5cm`
[2026-10-06 14:50:20] [TRACE]   [MetaProViz] Parsing unit from `12`
[2026-10-06 14:50:20] [TRACE]   [MetaProViz] Parsing unit from `11`
[2026-10-06 14:50:20] [TRACE]   [MetaProViz] Parsing unit from `8cm`
[2026-10-06 14:50:20] [TRACE]   [MetaProViz] Setting widths[7] to 8cm [name=axis-b, offset=0, empty=FALSE, original=1null]
[2026-10-06 14:50:20] [TRACE]   [MetaProViz] Parsing unit from `0cm`
[2026-10-06 14:50:20] [TRACE]   [MetaProViz] Setting widths[1] to 0cm [name=ylab-l, offset=-4, empty=FALSE, original=5.5points]
[2026-10-06 14:50:20] [TRACE]   [MetaProViz] Parsing unit from `1cm`
[2026-10-06 14:50:20] [TRACE]   [MetaProViz] Setting widths[6] to 1cm [name=axis-l, offset=0, empty=FALSE, original=sum(0cm, 1null, 0.611999976217656cm, 0null, max(0points, -0.0966514459665145cm), 0.0966514459665145cm)]
[2026-10-06 14:50:20] [TRACE]   [MetaProViz] Parsing unit from `1cm`
[2026-10-06 14:50:20] [TRACE]   [MetaProViz] Setting widths[5] to 1cm [name=ylab-l, offset=0, empty=FALSE, original=1grobwidth]
[2026-10-06 14:50:20] [TRACE]   [MetaProViz] Parsing unit from `0cm`
[2026-10-06 14:50:20] [TRACE]   [MetaProViz] Setting widths[3] to 0cm [name=guide-box-left, offset=0, empty=FALSE, original=0cm]
[2026-10-06 14:50:20] [TRACE]   [MetaProViz] Parsing unit from `0cm`
[2026-10-06 14:50:20] [TRACE]   [MetaProViz] Setting widths[8] to 0cm [name=axis-r, offset=0, empty=FALSE, original=0cm]
[2026-10-06 14:50:20] [TRACE]   [MetaProViz] Parsing unit from `0cm`
[2026-10-06 14:50:20] [TRACE]   [MetaProViz] Setting widths[9] to 0cm [name=ylab-r, offset=0, empty=FALSE, original=0cm]
[2026-10-06 14:50:20] [TRACE]   [MetaProViz] Parsing unit from `1cm`
[2026-10-06 14:50:20] [TRACE]   [MetaProViz] Setting widths[4] to 1cm [name=ylab-l, offset=-1, empty=TRUE, original=0points]
[2026-10-06 14:50:20] [TRACE]   [MetaProViz] Parsing unit from `1cm`
[2026-10-06 14:50:20] [TRACE]   [MetaProViz] Setting widths[11] to 1cm [name=guide-box-right, offset=0, empty=FALSE, original=sum(0.5null, 0points, 2.44848437024353cm, 0points, 0.5null)]
[2026-10-06 14:50:20] [TRACE]   [MetaProViz] Parsing unit from `8cm`
[2026-10-06 14:50:20] [TRACE]   [MetaProViz] Setting heights[9] to 8cm [name=axis-l, offset=0, empty=FALSE, original=1null]
[2026-10-06 14:50:20] [TRACE]   [MetaProViz] Parsing unit from `1cm`
[2026-10-06 14:50:20] [TRACE]   [MetaProViz] Setting heights[10] to 1cm [name=axis-b, offset=0, empty=FALSE, original=sum(0.0966514459665145cm, max(0points, -0.0966514459665145cm), 0null, 0.359643635557501cm, 1null, 0cm)]
[2026-10-06 14:50:20] [TRACE]   [MetaProViz] Parsing unit from `.5cm`
[2026-10-06 14:50:20] [TRACE]   [MetaProViz] Setting heights[11] to 0.5cm [name=xlab-b, offset=0, empty=FALSE, original=1grobheight]
[2026-10-06 14:50:20] [TRACE]   [MetaProViz] Parsing unit from `1cm`
[2026-10-06 14:50:20] [TRACE]   [MetaProViz] Setting heights[12] to 1cm [name=xlab-b, offset=1, empty=TRUE, original=0points]
[2026-10-06 14:50:20] [TRACE]   [MetaProViz] Parsing unit from `0cm`
[2026-10-06 14:50:20] [TRACE]   [MetaProViz] Setting heights[1] to 0cm [name=title, offset=-2, empty=FALSE, original=5.5points]
[2026-10-06 14:50:20] [TRACE]   [MetaProViz] Parsing unit from `0cm`
[2026-10-06 14:50:20] [TRACE]   [MetaProViz] Setting heights[2] to 0cm [name=title, offset=-1, empty=TRUE, original=0points]
[2026-10-06 14:50:20] [TRACE]   [MetaProViz] Parsing unit from `0.25cm`
[2026-10-06 14:50:20] [TRACE]   [MetaProViz] Setting heights[3] to 0.25cm [name=title, offset=0, empty=FALSE, original=1grobheight]
[2026-10-06 14:50:20] [TRACE]   [MetaProViz] Parsing unit from `0cm`
[2026-10-06 14:50:20] [TRACE]   [MetaProViz] Setting heights[4] to 0cm [name=subtitle, offset=0, empty=FALSE, original=0cm]
[2026-10-06 14:50:20] [TRACE]   [MetaProViz] Parsing unit from `0cm`
[2026-10-06 14:50:20] [TRACE]   [MetaProViz] Setting heights[5] to 0cm [name=guide-box-top, offset=0, empty=FALSE, original=0cm]
[2026-10-06 14:50:20] [TRACE]   [MetaProViz] Parsing unit from `0cm`
[2026-10-06 14:50:20] [TRACE]   [MetaProViz] Setting heights[6] to 0cm [name=xlab-t, offset=-1, empty=TRUE, original=0points]
[2026-10-06 14:50:20] [TRACE]   [MetaProViz] Setting heights[3] to 0.5cm [name=title, main, offset=0, empty=FALSE, original=0.25cm]
[2026-10-06 14:50:20] [TRACE]   [MetaProViz] Parsing unit from `0.5cm`
[2026-10-06 14:50:20] [TRACE]   [MetaProViz] Setting heights[4] to 0.5cm [name=subtitle, main, offset=0, empty=FALSE, original=0cm]
[2026-10-06 14:50:20] [TRACE]   [MetaProViz] Parsing unit from `-2.45cm`
[2026-10-06 14:50:20] [TRACE]   [MetaProViz] Setting widths[11] to max(-2.45cm, 1cm) [name=guide-box-right, legend, offset=0, empty=FALSE, original=1cm]
[2026-10-06 14:50:20] [TRACE]   [MetaProViz] Adding sum(max(2.5cm, -2.45cm, 1cm), -1*max(-2.45cm, 1cm)) to the total width of the gtable, growing it from 12cm to sum(12cm, max(2.5cm, -2.45cm, 1cm), -1*max(-2.45cm, 1cm)).
[2026-10-06 14:50:20] [TRACE]   [MetaProViz] Setting widths[11] to max(2.5cm, -2.45cm, 1cm) [name=guide-box-right, offset=0, empty=FALSE, original=max(-2.45cm, 1cm)]
[2026-10-06 14:50:20] [TRACE]   [MetaProViz] Sum of heights: 12.00, sum of widths: 13.50
[2026-10-06 14:50:20] [INFO]    [MetaProViz] There are possible outlier samples in the data
[2026-10-06 14:50:20] [INFO]    [MetaProViz] Filtering round  1  Outlier Samples:  MS55_29  
[2026-10-06 14:50:20] [INFO]    [MetaProViz] Filtering round  2  Outlier Samples:  MS55_30  
[2026-10-06 14:50:20] [INFO]    [MetaProViz] viz_pca: PCA plot visualization
[2026-10-06 14:50:20] [INFO]    [MetaProViz] character(0)
[2026-10-06 14:50:20] [INFO]    [MetaProViz] viz_pca colour: #88CCEE, #DDCC77, #661100, #332288, #AA4499, #999933, #44AA99, #882215, #6699CC, #117733, #888888, #CC6677, black, gold1, darkorchid4, red, orange, blue
[2026-10-06 14:50:20] [INFO]    [MetaProViz] viz_pca shape: 15, 17, 16, 18, 6, 7, 8, 11, 12
[2026-10-06 14:50:20] [INFO]    [MetaProViz] viz_pca scale_color: discrete
[2026-10-06 14:50:20] [TRACE]   [MetaProViz] The plot has legend, adjusting layout to accommodate it.
[2026-10-06 14:50:20] [TRACE]   [MetaProViz] Sections: color, shape
[2026-10-06 14:50:20] [TRACE]   [MetaProViz] Legend nchar: 2.50cm, Legend width: 4.90cm
[2026-10-06 14:50:20] [TRACE]   [MetaProViz] Parsing unit from `4.90cm`
[2026-10-06 14:50:20] [TRACE]   [MetaProViz] The plot has title, adjusting layout to accommodate it.
[2026-10-06 14:50:20] [TRACE]   [MetaProViz] Parsing unit from `0.5cm`
[2026-10-06 14:50:21] [TRACE]   [MetaProViz] Parsing unit from `12`
[2026-10-06 14:50:21] [TRACE]   [MetaProViz] Parsing unit from `11`
[2026-10-06 14:50:21] [TRACE]   [MetaProViz] Parsing unit from `8cm`
[2026-10-06 14:50:21] [TRACE]   [MetaProViz] Setting widths[7] to 8cm [name=axis-b, offset=0, empty=FALSE, original=1null]
[2026-10-06 14:50:21] [TRACE]   [MetaProViz] Parsing unit from `0cm`
[2026-10-06 14:50:21] [TRACE]   [MetaProViz] Setting widths[1] to 0cm [name=ylab-l, offset=-4, empty=FALSE, original=5.5points]
[2026-10-06 14:50:21] [TRACE]   [MetaProViz] Parsing unit from `1cm`
[2026-10-06 14:50:21] [TRACE]   [MetaProViz] Setting widths[6] to 1cm [name=axis-l, offset=0, empty=FALSE, original=sum(0cm, 1null, 0.784530358162101cm, 0null, max(0points, -0.0966514459665145cm), 0.0966514459665145cm)]
[2026-10-06 14:50:21] [TRACE]   [MetaProViz] Parsing unit from `1cm`
[2026-10-06 14:50:21] [TRACE]   [MetaProViz] Setting widths[5] to 1cm [name=ylab-l, offset=0, empty=FALSE, original=1grobwidth]
[2026-10-06 14:50:21] [TRACE]   [MetaProViz] Parsing unit from `0cm`
[2026-10-06 14:50:21] [TRACE]   [MetaProViz] Setting widths[3] to 0cm [name=guide-box-left, offset=0, empty=FALSE, original=0cm]
[2026-10-06 14:50:21] [TRACE]   [MetaProViz] Parsing unit from `0cm`
[2026-10-06 14:50:21] [TRACE]   [MetaProViz] Setting widths[8] to 0cm [name=axis-r, offset=0, empty=FALSE, original=0cm]
[2026-10-06 14:50:21] [TRACE]   [MetaProViz] Parsing unit from `0cm`
[2026-10-06 14:50:21] [TRACE]   [MetaProViz] Setting widths[9] to 0cm [name=ylab-r, offset=0, empty=FALSE, original=0cm]
[2026-10-06 14:50:21] [TRACE]   [MetaProViz] Parsing unit from `1cm`
[2026-10-06 14:50:21] [TRACE]   [MetaProViz] Setting widths[4] to 1cm [name=ylab-l, offset=-1, empty=TRUE, original=0points]
[2026-10-06 14:50:21] [TRACE]   [MetaProViz] Parsing unit from `1cm`
[2026-10-06 14:50:21] [TRACE]   [MetaProViz] Setting widths[11] to 1cm [name=guide-box-right, offset=0, empty=FALSE, original=sum(0.5null, 0points, 4.85012933552131cm, 0points, 0.5null)]
[2026-10-06 14:50:21] [TRACE]   [MetaProViz] Parsing unit from `8cm`
[2026-10-06 14:50:21] [TRACE]   [MetaProViz] Setting heights[9] to 8cm [name=axis-l, offset=0, empty=FALSE, original=1null]
[2026-10-06 14:50:21] [TRACE]   [MetaProViz] Parsing unit from `1cm`
[2026-10-06 14:50:21] [TRACE]   [MetaProViz] Setting heights[10] to 1cm [name=axis-b, offset=0, empty=FALSE, original=sum(0.0966514459665145cm, max(0points, -0.0966514459665145cm), 0null, 0.359643635557501cm, 1null, 0cm)]
[2026-10-06 14:50:21] [TRACE]   [MetaProViz] Parsing unit from `.5cm`
[2026-10-06 14:50:21] [TRACE]   [MetaProViz] Setting heights[11] to 0.5cm [name=xlab-b, offset=0, empty=FALSE, original=1grobheight]
[2026-10-06 14:50:21] [TRACE]   [MetaProViz] Parsing unit from `1cm`
[2026-10-06 14:50:21] [TRACE]   [MetaProViz] Setting heights[12] to 1cm [name=xlab-b, offset=1, empty=TRUE, original=0points]
[2026-10-06 14:50:21] [TRACE]   [MetaProViz] Parsing unit from `0cm`
[2026-10-06 14:50:21] [TRACE]   [MetaProViz] Setting heights[1] to 0cm [name=title, offset=-2, empty=FALSE, original=5.5points]
[2026-10-06 14:50:21] [TRACE]   [MetaProViz] Parsing unit from `0cm`
[2026-10-06 14:50:21] [TRACE]   [MetaProViz] Setting heights[2] to 0cm [name=title, offset=-1, empty=TRUE, original=0points]
[2026-10-06 14:50:21] [TRACE]   [MetaProViz] Parsing unit from `0.25cm`
[2026-10-06 14:50:21] [TRACE]   [MetaProViz] Setting heights[3] to 0.25cm [name=title, offset=0, empty=FALSE, original=1grobheight]
[2026-10-06 14:50:21] [TRACE]   [MetaProViz] Parsing unit from `0cm`
[2026-10-06 14:50:21] [TRACE]   [MetaProViz] Setting heights[4] to 0cm [name=subtitle, offset=0, empty=FALSE, original=0cm]
[2026-10-06 14:50:21] [TRACE]   [MetaProViz] Parsing unit from `0cm`
[2026-10-06 14:50:21] [TRACE]   [MetaProViz] Setting heights[5] to 0cm [name=guide-box-top, offset=0, empty=FALSE, original=0cm]
[2026-10-06 14:50:21] [TRACE]   [MetaProViz] Parsing unit from `0cm`
[2026-10-06 14:50:21] [TRACE]   [MetaProViz] Setting heights[6] to 0cm [name=xlab-t, offset=-1, empty=TRUE, original=0points]
[2026-10-06 14:50:21] [TRACE]   [MetaProViz] Setting heights[3] to 0.5cm [name=title, main, offset=0, empty=FALSE, original=0.25cm]
[2026-10-06 14:50:21] [TRACE]   [MetaProViz] Parsing unit from `0.5cm`
[2026-10-06 14:50:21] [TRACE]   [MetaProViz] Setting heights[4] to 0.5cm [name=subtitle, main, offset=0, empty=FALSE, original=0cm]
[2026-10-06 14:50:21] [TRACE]   [MetaProViz] Parsing unit from `3.30cm`
[2026-10-06 14:50:21] [TRACE]   [MetaProViz] Setting widths[11] to max(3.3cm, 1cm) [name=guide-box-right, legend, offset=0, empty=FALSE, original=1cm]
[2026-10-06 14:50:21] [TRACE]   [MetaProViz] Adding sum(max(4.9cm, 3.3cm, 1cm), -1*max(3.3cm, 1cm)) to the total width of the gtable, growing it from 15.3cm to sum(15.3cm, max(4.9cm, 3.3cm, 1cm), -1*max(3.3cm, 1cm)).
[2026-10-06 14:50:21] [TRACE]   [MetaProViz] Setting widths[11] to max(4.9cm, 3.3cm, 1cm) [name=guide-box-right, offset=0, empty=FALSE, original=max(3.3cm, 1cm)]
[2026-10-06 14:50:21] [TRACE]   [MetaProViz] Sum of heights: 12.00, sum of widths: 16.90
[2026-10-06 14:50:21] [INFO]    [MetaProViz] viz_pca: PCA plot visualization
[2026-10-06 14:50:21] [INFO]    [MetaProViz] character(0)
[2026-10-06 14:50:21] [INFO]    [MetaProViz] viz_pca colour: #88CCEE, #DDCC77, #661100, #332288, #AA4499, #999933, #44AA99, #882215, #6699CC, #117733, #888888, #CC6677, black, gold1, darkorchid4, red, orange, blue
[2026-10-06 14:50:21] [INFO]    [MetaProViz] viz_pca shape: 15, 17, 16, 18, 6, 7, 8, 11, 12
[2026-10-06 14:50:21] [INFO]    [MetaProViz] viz_pca scale_color: discrete
[2026-10-06 14:50:21] [TRACE]   [MetaProViz] The plot has legend, adjusting layout to accommodate it.
[2026-10-06 14:50:21] [TRACE]   [MetaProViz] Sections: color, shape
[2026-10-06 14:50:21] [TRACE]   [MetaProViz] Legend nchar: 5.25cm, Legend width: 5.25cm
[2026-10-06 14:50:21] [TRACE]   [MetaProViz] Parsing unit from `5.25cm`
[2026-10-06 14:50:21] [TRACE]   [MetaProViz] The plot has title, adjusting layout to accommodate it.
[2026-10-06 14:50:21] [TRACE]   [MetaProViz] Parsing unit from `0.5cm`
[2026-10-06 14:50:21] [TRACE]   [MetaProViz] Parsing unit from `12`
[2026-10-06 14:50:21] [TRACE]   [MetaProViz] Parsing unit from `11`
[2026-10-06 14:50:21] [TRACE]   [MetaProViz] Parsing unit from `8cm`
[2026-10-06 14:50:21] [TRACE]   [MetaProViz] Setting widths[7] to 8cm [name=axis-b, offset=0, empty=FALSE, original=1null]
[2026-10-06 14:50:21] [TRACE]   [MetaProViz] Parsing unit from `0cm`
[2026-10-06 14:50:21] [TRACE]   [MetaProViz] Setting widths[1] to 0cm [name=ylab-l, offset=-4, empty=FALSE, original=5.5points]
[2026-10-06 14:50:21] [TRACE]   [MetaProViz] Parsing unit from `1cm`
[2026-10-06 14:50:21] [TRACE]   [MetaProViz] Setting widths[6] to 1cm [name=axis-l, offset=0, empty=FALSE, original=sum(0cm, 1null, 0.784530358162101cm, 0null, max(0points, -0.0966514459665145cm), 0.0966514459665145cm)]
[2026-10-06 14:50:21] [TRACE]   [MetaProViz] Parsing unit from `1cm`
[2026-10-06 14:50:21] [TRACE]   [MetaProViz] Setting widths[5] to 1cm [name=ylab-l, offset=0, empty=FALSE, original=1grobwidth]
[2026-10-06 14:50:21] [TRACE]   [MetaProViz] Parsing unit from `0cm`
[2026-10-06 14:50:21] [TRACE]   [MetaProViz] Setting widths[3] to 0cm [name=guide-box-left, offset=0, empty=FALSE, original=0cm]
[2026-10-06 14:50:21] [TRACE]   [MetaProViz] Parsing unit from `0cm`
[2026-10-06 14:50:21] [TRACE]   [MetaProViz] Setting widths[8] to 0cm [name=axis-r, offset=0, empty=FALSE, original=0cm]
[2026-10-06 14:50:21] [TRACE]   [MetaProViz] Parsing unit from `0cm`
[2026-10-06 14:50:21] [TRACE]   [MetaProViz] Setting widths[9] to 0cm [name=ylab-r, offset=0, empty=FALSE, original=0cm]
[2026-10-06 14:50:21] [TRACE]   [MetaProViz] Parsing unit from `1cm`
[2026-10-06 14:50:21] [TRACE]   [MetaProViz] Setting widths[4] to 1cm [name=ylab-l, offset=-1, empty=TRUE, original=0points]
[2026-10-06 14:50:21] [TRACE]   [MetaProViz] Parsing unit from `1cm`
[2026-10-06 14:50:21] [TRACE]   [MetaProViz] Setting widths[11] to 1cm [name=guide-box-right, offset=0, empty=FALSE, original=sum(0.5null, 0points, 4.0615580408105cm, 0points, 0.5null)]
[2026-10-06 14:50:21] [TRACE]   [MetaProViz] Parsing unit from `8cm`
[2026-10-06 14:50:21] [TRACE]   [MetaProViz] Setting heights[9] to 8cm [name=axis-l, offset=0, empty=FALSE, original=1null]
[2026-10-06 14:50:21] [TRACE]   [MetaProViz] Parsing unit from `1cm`
[2026-10-06 14:50:21] [TRACE]   [MetaProViz] Setting heights[10] to 1cm [name=axis-b, offset=0, empty=FALSE, original=sum(0.0966514459665145cm, max(0points, -0.0966514459665145cm), 0null, 0.359643635557501cm, 1null, 0cm)]
[2026-10-06 14:50:21] [TRACE]   [MetaProViz] Parsing unit from `.5cm`
[2026-10-06 14:50:21] [TRACE]   [MetaProViz] Setting heights[11] to 0.5cm [name=xlab-b, offset=0, empty=FALSE, original=1grobheight]
[2026-10-06 14:50:21] [TRACE]   [MetaProViz] Parsing unit from `1cm`
[2026-10-06 14:50:21] [TRACE]   [MetaProViz] Setting heights[12] to 1cm [name=xlab-b, offset=1, empty=TRUE, original=0points]
[2026-10-06 14:50:21] [TRACE]   [MetaProViz] Parsing unit from `0cm`
[2026-10-06 14:50:21] [TRACE]   [MetaProViz] Setting heights[1] to 0cm [name=title, offset=-2, empty=FALSE, original=5.5points]
[2026-10-06 14:50:21] [TRACE]   [MetaProViz] Parsing unit from `0cm`
[2026-10-06 14:50:21] [TRACE]   [MetaProViz] Setting heights[2] to 0cm [name=title, offset=-1, empty=TRUE, original=0points]
[2026-10-06 14:50:21] [TRACE]   [MetaProViz] Parsing unit from `0.25cm`
[2026-10-06 14:50:21] [TRACE]   [MetaProViz] Setting heights[3] to 0.25cm [name=title, offset=0, empty=FALSE, original=1grobheight]
[2026-10-06 14:50:21] [TRACE]   [MetaProViz] Parsing unit from `0cm`
[2026-10-06 14:50:21] [TRACE]   [MetaProViz] Setting heights[4] to 0cm [name=subtitle, offset=0, empty=FALSE, original=0cm]
[2026-10-06 14:50:21] [TRACE]   [MetaProViz] Parsing unit from `0cm`
[2026-10-06 14:50:21] [TRACE]   [MetaProViz] Setting heights[5] to 0cm [name=guide-box-top, offset=0, empty=FALSE, original=0cm]
[2026-10-06 14:50:21] [TRACE]   [MetaProViz] Parsing unit from `0cm`
[2026-10-06 14:50:21] [TRACE]   [MetaProViz] Setting heights[6] to 0cm [name=xlab-t, offset=-1, empty=TRUE, original=0points]
[2026-10-06 14:50:21] [TRACE]   [MetaProViz] Setting heights[3] to 0.5cm [name=title, main, offset=0, empty=FALSE, original=0.25cm]
[2026-10-06 14:50:21] [TRACE]   [MetaProViz] Parsing unit from `0.5cm`
[2026-10-06 14:50:21] [TRACE]   [MetaProViz] Setting heights[4] to 0.5cm [name=subtitle, main, offset=0, empty=FALSE, original=0cm]
[2026-10-06 14:50:21] [TRACE]   [MetaProViz] Parsing unit from `-0.70cm`
[2026-10-06 14:50:21] [TRACE]   [MetaProViz] Setting widths[11] to max(-0.7cm, 1cm) [name=guide-box-right, legend, offset=0, empty=FALSE, original=1cm]
[2026-10-06 14:50:21] [TRACE]   [MetaProViz] Adding sum(max(5.25cm, -0.7cm, 1cm), -1*max(-0.7cm, 1cm)) to the total width of the gtable, growing it from 12cm to sum(12cm, max(5.25cm, -0.7cm, 1cm), -1*max(-0.7cm, 1cm)).
[2026-10-06 14:50:21] [TRACE]   [MetaProViz] Setting widths[11] to max(5.25cm, -0.7cm, 1cm) [name=guide-box-right, offset=0, empty=FALSE, original=max(-0.7cm, 1cm)]
[2026-10-06 14:50:21] [TRACE]   [MetaProViz] Sum of heights: 12.00, sum of widths: 16.25
[2026-10-06 14:50:22] [INFO]    [MetaProViz] Processing input SummarizedExperiment object.
[2026-10-06 14:50:23] [INFO]    [MetaProViz] Load KEGG.
[2026-10-06 14:50:26] [INFO]    [MetaProViz] total Ion Count (tic) normalization: total Ion Count (tic) normalization is used to reduce the variation from non-biological sources, while maintaining the biological variation. REF: Wulff et. al., (2018), Advances in Bioscience and Biotechnology, 9, 339-351, doi:https://doi.org/10.4236/abb.2018.98022
[2026-10-06 14:50:34] [WARN]    [MetaProViz] Selected ID column 'PUBCHEM' not found in data and was created as NA.
[2026-10-06 14:50:54] [WARN]    [MetaProViz] Detected incompatible seed IDs in 2 row(s) (row_id: 1, 2). Not all seed IDs in these rows are mutually reachable through ID_Edges_prior_knowledge, suggesting they may map to different molecules. This can overexpand the ID space during traversal. Please manually remove or correct incompatible seed IDs and rerun traverse_ids() freshly on a clean input table.
[2026-10-06 14:50:54] [INFO]    [MetaProViz] viz_graph: Graph plot visualization
[2026-10-06 14:50:55] [INFO]    [MetaProViz] Processing input SummarizedExperiment object.
[2026-10-06 14:50:55] [TRACE]   [MetaProViz] Parsing unit from `12`
[2026-10-06 14:50:55] [TRACE]   [MetaProViz] Parsing unit from `11`
[2026-10-06 14:50:55] [TRACE]   [MetaProViz] Parsing unit from `2cm`
[2026-10-06 14:50:55] [TRACE]   [MetaProViz] Setting widths[5] to 2cm [name=legend, offset=0, empty=FALSE, original=max(1.1grobwidth, sum(12bigpts, 1.32grobwidth))]
[2026-10-06 14:50:55] [TRACE]   [MetaProViz] Parsing unit from `1cm`
[2026-10-06 14:50:55] [TRACE]   [MetaProViz] Setting heights[1] to 1cm [name=main, offset=0, empty=FALSE, original=1.5grobheight]
[2026-10-06 14:50:55] [TRACE]   [MetaProViz] Parsing unit from `12`
[2026-10-06 14:50:55] [TRACE]   [MetaProViz] Parsing unit from `11`
[2026-10-06 14:50:55] [TRACE]   [MetaProViz] Parsing unit from `2cm`
[2026-10-06 14:50:55] [TRACE]   [MetaProViz] Setting widths[5] to 2cm [name=legend, offset=0, empty=FALSE, original=max(1.1grobwidth, sum(12bigpts, 1.32grobwidth))]
[2026-10-06 14:50:55] [TRACE]   [MetaProViz] Parsing unit from `1cm`
[2026-10-06 14:50:55] [TRACE]   [MetaProViz] Setting heights[1] to 1cm [name=main, offset=0, empty=FALSE, original=1.5grobheight]
[2026-10-06 14:50:56] [INFO]    [MetaProViz] viz_pca: PCA plot visualization
[2026-10-06 14:50:56] [INFO]    [MetaProViz] Processing input SummarizedExperiment object.
[2026-10-06 14:50:56] [INFO]    [MetaProViz] viz_pca results saved at /__w/MetaProViz/MetaProViz/docs/reference/MetaProViz_Results/PCAPlots
[2026-10-06 14:50:56] [INFO]    [MetaProViz] viz_pca colour: #88CCEE, #DDCC77, #661100, #332288, #AA4499, #999933, #44AA99, #882215, #6699CC, #117733, #888888, #CC6677, black, gold1, darkorchid4, red, orange, blue
[2026-10-06 14:50:56] [INFO]    [MetaProViz] viz_pca shape: 15, 17, 16, 18, 6, 7, 8, 11, 12
[2026-10-06 14:50:56] [INFO]    [MetaProViz] viz_pca scale_color: discrete
[2026-10-06 14:50:56] [TRACE]   [MetaProViz] Parsing unit from `12`
[2026-10-06 14:50:56] [TRACE]   [MetaProViz] Parsing unit from `11`
[2026-10-06 14:50:56] [TRACE]   [MetaProViz] Parsing unit from `8cm`
[2026-10-06 14:50:56] [TRACE]   [MetaProViz] Setting widths[7] to 8cm [name=axis-b, offset=0, empty=FALSE, original=1null]
[2026-10-06 14:50:56] [TRACE]   [MetaProViz] Parsing unit from `0cm`
[2026-10-06 14:50:56] [TRACE]   [MetaProViz] Setting widths[1] to 0cm [name=ylab-l, offset=-4, empty=FALSE, original=5.5points]
[2026-10-06 14:50:56] [TRACE]   [MetaProViz] Parsing unit from `1cm`
[2026-10-06 14:50:56] [TRACE]   [MetaProViz] Setting widths[6] to 1cm [name=axis-l, offset=0, empty=FALSE, original=sum(0cm, 1null, 0.611999976217656cm, 0null, max(0points, -0.0966514459665145cm), 0.0966514459665145cm)]
[2026-10-06 14:50:56] [TRACE]   [MetaProViz] Parsing unit from `1cm`
[2026-10-06 14:50:56] [TRACE]   [MetaProViz] Setting widths[5] to 1cm [name=ylab-l, offset=0, empty=FALSE, original=1grobwidth]
[2026-10-06 14:50:56] [TRACE]   [MetaProViz] Parsing unit from `0cm`
[2026-10-06 14:50:56] [TRACE]   [MetaProViz] Setting widths[3] to 0cm [name=guide-box-left, offset=0, empty=FALSE, original=0cm]
[2026-10-06 14:50:56] [TRACE]   [MetaProViz] Parsing unit from `0cm`
[2026-10-06 14:50:56] [TRACE]   [MetaProViz] Setting widths[8] to 0cm [name=axis-r, offset=0, empty=FALSE, original=0cm]
[2026-10-06 14:50:56] [TRACE]   [MetaProViz] Parsing unit from `0cm`
[2026-10-06 14:50:56] [TRACE]   [MetaProViz] Setting widths[9] to 0cm [name=ylab-r, offset=0, empty=FALSE, original=0cm]
[2026-10-06 14:50:56] [TRACE]   [MetaProViz] Parsing unit from `1cm`
[2026-10-06 14:50:56] [TRACE]   [MetaProViz] Setting widths[4] to 1cm [name=ylab-l, offset=-1, empty=TRUE, original=0points]
[2026-10-06 14:50:56] [TRACE]   [MetaProViz] Parsing unit from `1cm`
[2026-10-06 14:50:56] [TRACE]   [MetaProViz] Setting widths[11] to 1cm [name=guide-box-right, offset=0, empty=FALSE, original=0cm]
[2026-10-06 14:50:56] [TRACE]   [MetaProViz] Parsing unit from `8cm`
[2026-10-06 14:50:56] [TRACE]   [MetaProViz] Setting heights[9] to 8cm [name=axis-l, offset=0, empty=FALSE, original=1null]
[2026-10-06 14:50:56] [TRACE]   [MetaProViz] Parsing unit from `1cm`
[2026-10-06 14:50:56] [TRACE]   [MetaProViz] Setting heights[10] to 1cm [name=axis-b, offset=0, empty=FALSE, original=sum(0.0966514459665145cm, max(0points, -0.0966514459665145cm), 0null, 0.359643635557501cm, 1null, 0cm)]
[2026-10-06 14:50:56] [TRACE]   [MetaProViz] Parsing unit from `.5cm`
[2026-10-06 14:50:56] [TRACE]   [MetaProViz] Setting heights[11] to 0.5cm [name=xlab-b, offset=0, empty=FALSE, original=1grobheight]
[2026-10-06 14:50:56] [TRACE]   [MetaProViz] Parsing unit from `1cm`
[2026-10-06 14:50:56] [TRACE]   [MetaProViz] Setting heights[12] to 1cm [name=xlab-b, offset=1, empty=TRUE, original=0points]
[2026-10-06 14:50:56] [TRACE]   [MetaProViz] Parsing unit from `0cm`
[2026-10-06 14:50:56] [TRACE]   [MetaProViz] Setting heights[1] to 0cm [name=title, offset=-2, empty=FALSE, original=5.5points]
[2026-10-06 14:50:56] [TRACE]   [MetaProViz] Parsing unit from `0cm`
[2026-10-06 14:50:56] [TRACE]   [MetaProViz] Setting heights[2] to 0cm [name=title, offset=-1, empty=TRUE, original=0points]
[2026-10-06 14:50:56] [TRACE]   [MetaProViz] Parsing unit from `0.25cm`
[2026-10-06 14:50:56] [TRACE]   [MetaProViz] Setting heights[3] to 0.25cm [name=title, offset=0, empty=FALSE, original=1grobheight]
[2026-10-06 14:50:56] [TRACE]   [MetaProViz] Parsing unit from `0cm`
[2026-10-06 14:50:56] [TRACE]   [MetaProViz] Setting heights[4] to 0cm [name=subtitle, offset=0, empty=FALSE, original=0cm]
[2026-10-06 14:50:56] [TRACE]   [MetaProViz] Parsing unit from `0cm`
[2026-10-06 14:50:56] [TRACE]   [MetaProViz] Setting heights[5] to 0cm [name=guide-box-top, offset=0, empty=FALSE, original=0cm]
[2026-10-06 14:50:56] [TRACE]   [MetaProViz] Parsing unit from `0cm`
[2026-10-06 14:50:56] [TRACE]   [MetaProViz] Setting heights[6] to 0cm [name=xlab-t, offset=-1, empty=TRUE, original=0points]
[2026-10-06 14:50:56] [TRACE]   [MetaProViz] Sum of heights: 11.00, sum of widths: 12.00
[2026-10-06 14:50:57] [INFO]    [MetaProViz] viz_pca: PCA plot visualization
[2026-10-06 14:50:57] [INFO]    [MetaProViz] viz_pca results saved at /__w/MetaProViz/MetaProViz/docs/reference/MetaProViz_Results/PCAPlots
[2026-10-06 14:50:57] [INFO]    [MetaProViz] viz_pca colour: #88CCEE, #DDCC77, #661100, #332288, #AA4499, #999933, #44AA99, #882215, #6699CC, #117733, #888888, #CC6677, black, gold1, darkorchid4, red, orange, blue
[2026-10-06 14:50:57] [INFO]    [MetaProViz] viz_pca shape: 15, 17, 16, 18, 6, 7, 8, 11, 12
[2026-10-06 14:50:57] [INFO]    [MetaProViz] viz_pca scale_color: discrete
[2026-10-06 14:50:58] [TRACE]   [MetaProViz] Parsing unit from `12`
[2026-10-06 14:50:58] [TRACE]   [MetaProViz] Parsing unit from `11`
[2026-10-06 14:50:58] [TRACE]   [MetaProViz] Parsing unit from `8cm`
[2026-10-06 14:50:58] [TRACE]   [MetaProViz] Setting widths[7] to 8cm [name=axis-b, offset=0, empty=FALSE, original=1null]
[2026-10-06 14:50:58] [TRACE]   [MetaProViz] Parsing unit from `0cm`
[2026-10-06 14:50:58] [TRACE]   [MetaProViz] Setting widths[1] to 0cm [name=ylab-l, offset=-4, empty=FALSE, original=5.5points]
[2026-10-06 14:50:58] [TRACE]   [MetaProViz] Parsing unit from `1cm`
[2026-10-06 14:50:58] [TRACE]   [MetaProViz] Setting widths[6] to 1cm [name=axis-l, offset=0, empty=FALSE, original=sum(0cm, 1null, 0.611999976217656cm, 0null, max(0points, -0.0966514459665145cm), 0.0966514459665145cm)]
[2026-10-06 14:50:58] [TRACE]   [MetaProViz] Parsing unit from `1cm`
[2026-10-06 14:50:58] [TRACE]   [MetaProViz] Setting widths[5] to 1cm [name=ylab-l, offset=0, empty=FALSE, original=1grobwidth]
[2026-10-06 14:50:58] [TRACE]   [MetaProViz] Parsing unit from `0cm`
[2026-10-06 14:50:58] [TRACE]   [MetaProViz] Setting widths[3] to 0cm [name=guide-box-left, offset=0, empty=FALSE, original=0cm]
[2026-10-06 14:50:58] [TRACE]   [MetaProViz] Parsing unit from `0cm`
[2026-10-06 14:50:58] [TRACE]   [MetaProViz] Setting widths[8] to 0cm [name=axis-r, offset=0, empty=FALSE, original=0cm]
[2026-10-06 14:50:58] [TRACE]   [MetaProViz] Parsing unit from `0cm`
[2026-10-06 14:50:58] [TRACE]   [MetaProViz] Setting widths[9] to 0cm [name=ylab-r, offset=0, empty=FALSE, original=0cm]
[2026-10-06 14:50:58] [TRACE]   [MetaProViz] Parsing unit from `1cm`
[2026-10-06 14:50:58] [TRACE]   [MetaProViz] Setting widths[4] to 1cm [name=ylab-l, offset=-1, empty=TRUE, original=0points]
[2026-10-06 14:50:58] [TRACE]   [MetaProViz] Parsing unit from `1cm`
[2026-10-06 14:50:58] [TRACE]   [MetaProViz] Setting widths[11] to 1cm [name=guide-box-right, offset=0, empty=FALSE, original=0cm]
[2026-10-06 14:50:58] [TRACE]   [MetaProViz] Parsing unit from `8cm`
[2026-10-06 14:50:58] [TRACE]   [MetaProViz] Setting heights[9] to 8cm [name=axis-l, offset=0, empty=FALSE, original=1null]
[2026-10-06 14:50:58] [TRACE]   [MetaProViz] Parsing unit from `1cm`
[2026-10-06 14:50:58] [TRACE]   [MetaProViz] Setting heights[10] to 1cm [name=axis-b, offset=0, empty=FALSE, original=sum(0.0966514459665145cm, max(0points, -0.0966514459665145cm), 0null, 0.359643635557501cm, 1null, 0cm)]
[2026-10-06 14:50:58] [TRACE]   [MetaProViz] Parsing unit from `.5cm`
[2026-10-06 14:50:58] [TRACE]   [MetaProViz] Setting heights[11] to 0.5cm [name=xlab-b, offset=0, empty=FALSE, original=1grobheight]
[2026-10-06 14:50:58] [TRACE]   [MetaProViz] Parsing unit from `1cm`
[2026-10-06 14:50:58] [TRACE]   [MetaProViz] Setting heights[12] to 1cm [name=xlab-b, offset=1, empty=TRUE, original=0points]
[2026-10-06 14:50:58] [TRACE]   [MetaProViz] Parsing unit from `0cm`
[2026-10-06 14:50:58] [TRACE]   [MetaProViz] Setting heights[1] to 0cm [name=title, offset=-2, empty=FALSE, original=5.5points]
[2026-10-06 14:50:58] [TRACE]   [MetaProViz] Parsing unit from `0cm`
[2026-10-06 14:50:58] [TRACE]   [MetaProViz] Setting heights[2] to 0cm [name=title, offset=-1, empty=TRUE, original=0points]
[2026-10-06 14:50:58] [TRACE]   [MetaProViz] Parsing unit from `0.25cm`
[2026-10-06 14:50:58] [TRACE]   [MetaProViz] Setting heights[3] to 0.25cm [name=title, offset=0, empty=FALSE, original=1grobheight]
[2026-10-06 14:50:58] [TRACE]   [MetaProViz] Parsing unit from `0cm`
[2026-10-06 14:50:58] [TRACE]   [MetaProViz] Setting heights[4] to 0cm [name=subtitle, offset=0, empty=FALSE, original=0cm]
[2026-10-06 14:50:58] [TRACE]   [MetaProViz] Parsing unit from `0cm`
[2026-10-06 14:50:58] [TRACE]   [MetaProViz] Setting heights[5] to 0cm [name=guide-box-top, offset=0, empty=FALSE, original=0cm]
[2026-10-06 14:50:58] [TRACE]   [MetaProViz] Parsing unit from `0cm`
[2026-10-06 14:50:58] [TRACE]   [MetaProViz] Setting heights[6] to 0cm [name=xlab-t, offset=-1, empty=TRUE, original=0points]
[2026-10-06 14:50:58] [TRACE]   [MetaProViz] Sum of heights: 11.00, sum of widths: 12.00
[2026-10-06 14:51:00] [INFO]    [MetaProViz] MetaLinksDB.
[2026-10-06 14:51:00] [INFO]    [MetaProViz] viz_pk_network: Network of metabolites and prior knowledge terms
[2026-10-06 14:51:03] [INFO]    [MetaProViz] MetaLinksDB.
[2026-10-06 14:51:04] [INFO]    [MetaProViz] viz_shared_pk_network: Network of metabolites sharing prior knowledge terms
[2026-10-06 14:51:05] [INFO]    [MetaProViz] viz_superplot: Superplot visualization
[2026-10-06 14:51:05] [INFO]    [MetaProViz] Processing input SummarizedExperiment object.
[2026-10-06 14:51:05] [INFO]    [MetaProViz] viz_superplot results saved at /__w/MetaProViz/MetaProViz/docs/reference/MetaProViz_Results/BoxPlots
[2026-10-06 14:51:05] [TRACE]   [MetaProViz] The plot has title, adjusting layout to accommodate it.
[2026-10-06 14:51:05] [TRACE]   [MetaProViz] Parsing unit from `0.5cm`
[2026-10-06 14:51:05] [TRACE]   [MetaProViz] Parsing unit from `12`
[2026-10-06 14:51:05] [TRACE]   [MetaProViz] Parsing unit from `11`
[2026-10-06 14:51:05] [TRACE]   [MetaProViz] Parsing unit from `5cm`
[2026-10-06 14:51:05] [TRACE]   [MetaProViz] Setting widths[7] to 5cm [name=axis-b, offset=0, empty=FALSE, original=1null]
[2026-10-06 14:51:05] [TRACE]   [MetaProViz] Parsing unit from `0cm`
[2026-10-06 14:51:05] [TRACE]   [MetaProViz] Setting widths[1] to 0cm [name=ylab-l, offset=-4, empty=FALSE, original=5.5points]
[2026-10-06 14:51:05] [TRACE]   [MetaProViz] Parsing unit from `1cm`
[2026-10-06 14:51:05] [TRACE]   [MetaProViz] Setting widths[6] to 1cm [name=axis-l, offset=0, empty=FALSE, original=sum(0cm, 1null, 1.20786369149543cm, 0null, max(0points, -0.0966514459665145cm), 0.0966514459665145cm)]
[2026-10-06 14:51:05] [TRACE]   [MetaProViz] Parsing unit from `1cm`
[2026-10-06 14:51:05] [TRACE]   [MetaProViz] Setting widths[5] to 1cm [name=ylab-l, offset=0, empty=FALSE, original=1grobwidth]
[2026-10-06 14:51:05] [TRACE]   [MetaProViz] Parsing unit from `0cm`
[2026-10-06 14:51:05] [TRACE]   [MetaProViz] Setting widths[3] to 0cm [name=guide-box-left, offset=0, empty=FALSE, original=0cm]
[2026-10-06 14:51:05] [TRACE]   [MetaProViz] Parsing unit from `0cm`
[2026-10-06 14:51:05] [TRACE]   [MetaProViz] Setting widths[8] to 0cm [name=axis-r, offset=0, empty=FALSE, original=0cm]
[2026-10-06 14:51:05] [TRACE]   [MetaProViz] Parsing unit from `0cm`
[2026-10-06 14:51:05] [TRACE]   [MetaProViz] Setting widths[9] to 0cm [name=ylab-r, offset=0, empty=FALSE, original=0cm]
[2026-10-06 14:51:05] [TRACE]   [MetaProViz] Parsing unit from `1cm`
[2026-10-06 14:51:05] [TRACE]   [MetaProViz] Setting widths[4] to 1cm [name=ylab-l, offset=-1, empty=TRUE, original=0points]
[2026-10-06 14:51:05] [TRACE]   [MetaProViz] Parsing unit from `1cm`
[2026-10-06 14:51:05] [TRACE]   [MetaProViz] Setting widths[11] to 1cm [name=guide-box-right, offset=0, empty=FALSE, original=0cm]
[2026-10-06 14:51:05] [TRACE]   [MetaProViz] Parsing unit from `8cm`
[2026-10-06 14:51:05] [TRACE]   [MetaProViz] Setting heights[9] to 8cm [name=axis-l, offset=0, empty=FALSE, original=1null]
[2026-10-06 14:51:05] [TRACE]   [MetaProViz] Parsing unit from `1.53cm`
[2026-10-06 14:51:05] [TRACE]   [MetaProViz] Setting heights[10] to 1.53cm [name=axis-b, offset=0, empty=FALSE, original=sum(0.0966514459665145cm, max(0points, -0.0966514459665145cm), 0null, 1.33629685121766cm, 1null, 0cm)]
[2026-10-06 14:51:05] [TRACE]   [MetaProViz] Parsing unit from `0.75cm`
[2026-10-06 14:51:05] [TRACE]   [MetaProViz] Setting heights[11] to 0.75cm [name=xlab-b, offset=0, empty=FALSE, original=1grobheight]
[2026-10-06 14:51:05] [TRACE]   [MetaProViz] Parsing unit from `0cm`
[2026-10-06 14:51:05] [TRACE]   [MetaProViz] Setting heights[1] to 0cm [name=title, offset=-2, empty=FALSE, original=5.5points]
[2026-10-06 14:51:05] [TRACE]   [MetaProViz] Parsing unit from `0cm`
[2026-10-06 14:51:05] [TRACE]   [MetaProViz] Setting heights[2] to 0cm [name=title, offset=-1, empty=TRUE, original=0points]
[2026-10-06 14:51:05] [TRACE]   [MetaProViz] Parsing unit from `0.25cm`
[2026-10-06 14:51:05] [TRACE]   [MetaProViz] Setting heights[3] to 0.25cm [name=title, offset=0, empty=FALSE, original=1grobheight]
[2026-10-06 14:51:05] [TRACE]   [MetaProViz] Parsing unit from `0cm`
[2026-10-06 14:51:05] [TRACE]   [MetaProViz] Setting heights[4] to 0cm [name=subtitle, offset=0, empty=FALSE, original=1grobheight]
[2026-10-06 14:51:05] [TRACE]   [MetaProViz] Parsing unit from `0.5cm`
[2026-10-06 14:51:05] [TRACE]   [MetaProViz] Setting heights[14] to 0.5cm [name=caption, offset=0, empty=FALSE, original=1grobheight]
[2026-10-06 14:51:05] [TRACE]   [MetaProViz] Parsing unit from `0cm`
[2026-10-06 14:51:05] [TRACE]   [MetaProViz] Setting heights[5] to 0cm [name=guide-box-top, offset=0, empty=FALSE, original=0cm]
[2026-10-06 14:51:05] [TRACE]   [MetaProViz] Parsing unit from `0cm`
[2026-10-06 14:51:05] [TRACE]   [MetaProViz] Setting heights[6] to 0cm [name=xlab-t, offset=-1, empty=TRUE, original=0points]
[2026-10-06 14:51:05] [TRACE]   [MetaProViz] Setting heights[3] to 0.5cm [name=title, main, offset=0, empty=FALSE, original=0.25cm]
[2026-10-06 14:51:05] [TRACE]   [MetaProViz] Parsing unit from `0.5cm`
[2026-10-06 14:51:05] [TRACE]   [MetaProViz] Setting heights[4] to 0.5cm [name=subtitle, main, offset=0, empty=FALSE, original=0cm]
[2026-10-06 14:51:05] [TRACE]   [MetaProViz] Parsing unit from `-8.95cm`
[2026-10-06 14:51:05] [TRACE]   [MetaProViz] Setting widths[11] to max(-8.95cm, 1cm) [name=guide-box-right, legend, offset=0, empty=FALSE, original=1cm]
[2026-10-06 14:51:06] [TRACE]   [MetaProViz] The plot has title, adjusting layout to accommodate it.
[2026-10-06 14:51:06] [TRACE]   [MetaProViz] Parsing unit from `0.5cm`
[2026-10-06 14:51:06] [TRACE]   [MetaProViz] Parsing unit from `12`
[2026-10-06 14:51:06] [TRACE]   [MetaProViz] Parsing unit from `11`
[2026-10-06 14:51:06] [TRACE]   [MetaProViz] Parsing unit from `5cm`
[2026-10-06 14:51:06] [TRACE]   [MetaProViz] Setting widths[7] to 5cm [name=axis-b, offset=0, empty=FALSE, original=1null]
[2026-10-06 14:51:06] [TRACE]   [MetaProViz] Parsing unit from `0cm`
[2026-10-06 14:51:06] [TRACE]   [MetaProViz] Setting widths[1] to 0cm [name=ylab-l, offset=-4, empty=FALSE, original=5.5points]
[2026-10-06 14:51:06] [TRACE]   [MetaProViz] Parsing unit from `1cm`
[2026-10-06 14:51:06] [TRACE]   [MetaProViz] Setting widths[6] to 1cm [name=axis-l, offset=0, empty=FALSE, original=sum(0cm, 1null, 1.20786369149543cm, 0null, max(0points, -0.0966514459665145cm), 0.0966514459665145cm)]
[2026-10-06 14:51:06] [TRACE]   [MetaProViz] Parsing unit from `1cm`
[2026-10-06 14:51:06] [TRACE]   [MetaProViz] Setting widths[5] to 1cm [name=ylab-l, offset=0, empty=FALSE, original=1grobwidth]
[2026-10-06 14:51:06] [TRACE]   [MetaProViz] Parsing unit from `0cm`
[2026-10-06 14:51:06] [TRACE]   [MetaProViz] Setting widths[3] to 0cm [name=guide-box-left, offset=0, empty=FALSE, original=0cm]
[2026-10-06 14:51:06] [TRACE]   [MetaProViz] Parsing unit from `0cm`
[2026-10-06 14:51:06] [TRACE]   [MetaProViz] Setting widths[8] to 0cm [name=axis-r, offset=0, empty=FALSE, original=0cm]
[2026-10-06 14:51:06] [TRACE]   [MetaProViz] Parsing unit from `0cm`
[2026-10-06 14:51:06] [TRACE]   [MetaProViz] Setting widths[9] to 0cm [name=ylab-r, offset=0, empty=FALSE, original=0cm]
[2026-10-06 14:51:06] [TRACE]   [MetaProViz] Parsing unit from `1cm`
[2026-10-06 14:51:06] [TRACE]   [MetaProViz] Setting widths[4] to 1cm [name=ylab-l, offset=-1, empty=TRUE, original=0points]
[2026-10-06 14:51:06] [TRACE]   [MetaProViz] Parsing unit from `1cm`
[2026-10-06 14:51:06] [TRACE]   [MetaProViz] Setting widths[11] to 1cm [name=guide-box-right, offset=0, empty=FALSE, original=0cm]
[2026-10-06 14:51:06] [TRACE]   [MetaProViz] Parsing unit from `8cm`
[2026-10-06 14:51:06] [TRACE]   [MetaProViz] Setting heights[9] to 8cm [name=axis-l, offset=0, empty=FALSE, original=1null]
[2026-10-06 14:51:06] [TRACE]   [MetaProViz] Parsing unit from `1.53cm`
[2026-10-06 14:51:06] [TRACE]   [MetaProViz] Setting heights[10] to 1.53cm [name=axis-b, offset=0, empty=FALSE, original=sum(0.0966514459665145cm, max(0points, -0.0966514459665145cm), 0null, 1.33629685121766cm, 1null, 0cm)]
[2026-10-06 14:51:06] [TRACE]   [MetaProViz] Parsing unit from `0.75cm`
[2026-10-06 14:51:06] [TRACE]   [MetaProViz] Setting heights[11] to 0.75cm [name=xlab-b, offset=0, empty=FALSE, original=1grobheight]
[2026-10-06 14:51:06] [TRACE]   [MetaProViz] Parsing unit from `0cm`
[2026-10-06 14:51:06] [TRACE]   [MetaProViz] Setting heights[1] to 0cm [name=title, offset=-2, empty=FALSE, original=5.5points]
[2026-10-06 14:51:06] [TRACE]   [MetaProViz] Parsing unit from `0cm`
[2026-10-06 14:51:06] [TRACE]   [MetaProViz] Setting heights[2] to 0cm [name=title, offset=-1, empty=TRUE, original=0points]
[2026-10-06 14:51:06] [TRACE]   [MetaProViz] Parsing unit from `0.25cm`
[2026-10-06 14:51:06] [TRACE]   [MetaProViz] Setting heights[3] to 0.25cm [name=title, offset=0, empty=FALSE, original=1grobheight]
[2026-10-06 14:51:06] [TRACE]   [MetaProViz] Parsing unit from `0cm`
[2026-10-06 14:51:06] [TRACE]   [MetaProViz] Setting heights[4] to 0cm [name=subtitle, offset=0, empty=FALSE, original=1grobheight]
[2026-10-06 14:51:06] [TRACE]   [MetaProViz] Parsing unit from `0.5cm`
[2026-10-06 14:51:06] [TRACE]   [MetaProViz] Setting heights[14] to 0.5cm [name=caption, offset=0, empty=FALSE, original=1grobheight]
[2026-10-06 14:51:06] [TRACE]   [MetaProViz] Parsing unit from `0cm`
[2026-10-06 14:51:06] [TRACE]   [MetaProViz] Setting heights[5] to 0cm [name=guide-box-top, offset=0, empty=FALSE, original=0cm]
[2026-10-06 14:51:06] [TRACE]   [MetaProViz] Parsing unit from `0cm`
[2026-10-06 14:51:06] [TRACE]   [MetaProViz] Setting heights[6] to 0cm [name=xlab-t, offset=-1, empty=TRUE, original=0points]
[2026-10-06 14:51:06] [TRACE]   [MetaProViz] Setting heights[3] to 0.5cm [name=title, main, offset=0, empty=FALSE, original=0.25cm]
[2026-10-06 14:51:06] [TRACE]   [MetaProViz] Parsing unit from `0.5cm`
[2026-10-06 14:51:06] [TRACE]   [MetaProViz] Setting heights[4] to 0.5cm [name=subtitle, main, offset=0, empty=FALSE, original=0cm]
[2026-10-06 14:51:06] [TRACE]   [MetaProViz] Parsing unit from `-7.20cm`
[2026-10-06 14:51:06] [TRACE]   [MetaProViz] Setting widths[11] to max(-7.2cm, 1cm) [name=guide-box-right, legend, offset=0, empty=FALSE, original=1cm]
[2026-10-06 14:51:06] [INFO]    [MetaProViz] viz_superplot: Superplot visualization
[2026-10-06 14:51:06] [INFO]    [MetaProViz] viz_superplot results saved at /__w/MetaProViz/MetaProViz/docs/reference/MetaProViz_Results/BoxPlots
[2026-10-06 14:51:06] [TRACE]   [MetaProViz] The plot has title, adjusting layout to accommodate it.
[2026-10-06 14:51:06] [TRACE]   [MetaProViz] Parsing unit from `0.5cm`
[2026-10-06 14:51:07] [TRACE]   [MetaProViz] Parsing unit from `12`
[2026-10-06 14:51:07] [TRACE]   [MetaProViz] Parsing unit from `11`
[2026-10-06 14:51:07] [TRACE]   [MetaProViz] Parsing unit from `5cm`
[2026-10-06 14:51:07] [TRACE]   [MetaProViz] Setting widths[7] to 5cm [name=axis-b, offset=0, empty=FALSE, original=1null]
[2026-10-06 14:51:07] [TRACE]   [MetaProViz] Parsing unit from `0cm`
[2026-10-06 14:51:07] [TRACE]   [MetaProViz] Setting widths[1] to 0cm [name=ylab-l, offset=-4, empty=FALSE, original=5.5points]
[2026-10-06 14:51:07] [TRACE]   [MetaProViz] Parsing unit from `1cm`
[2026-10-06 14:51:07] [TRACE]   [MetaProViz] Setting widths[6] to 1cm [name=axis-l, offset=0, empty=FALSE, original=sum(0cm, 1null, 1.20786369149543cm, 0null, max(0points, -0.0966514459665145cm), 0.0966514459665145cm)]
[2026-10-06 14:51:07] [TRACE]   [MetaProViz] Parsing unit from `1cm`
[2026-10-06 14:51:07] [TRACE]   [MetaProViz] Setting widths[5] to 1cm [name=ylab-l, offset=0, empty=FALSE, original=1grobwidth]
[2026-10-06 14:51:07] [TRACE]   [MetaProViz] Parsing unit from `0cm`
[2026-10-06 14:51:07] [TRACE]   [MetaProViz] Setting widths[3] to 0cm [name=guide-box-left, offset=0, empty=FALSE, original=0cm]
[2026-10-06 14:51:07] [TRACE]   [MetaProViz] Parsing unit from `0cm`
[2026-10-06 14:51:07] [TRACE]   [MetaProViz] Setting widths[8] to 0cm [name=axis-r, offset=0, empty=FALSE, original=0cm]
[2026-10-06 14:51:07] [TRACE]   [MetaProViz] Parsing unit from `0cm`
[2026-10-06 14:51:07] [TRACE]   [MetaProViz] Setting widths[9] to 0cm [name=ylab-r, offset=0, empty=FALSE, original=0cm]
[2026-10-06 14:51:07] [TRACE]   [MetaProViz] Parsing unit from `1cm`
[2026-10-06 14:51:07] [TRACE]   [MetaProViz] Setting widths[4] to 1cm [name=ylab-l, offset=-1, empty=TRUE, original=0points]
[2026-10-06 14:51:07] [TRACE]   [MetaProViz] Parsing unit from `1cm`
[2026-10-06 14:51:07] [TRACE]   [MetaProViz] Setting widths[11] to 1cm [name=guide-box-right, offset=0, empty=FALSE, original=0cm]
[2026-10-06 14:51:07] [TRACE]   [MetaProViz] Parsing unit from `8cm`
[2026-10-06 14:51:07] [TRACE]   [MetaProViz] Setting heights[9] to 8cm [name=axis-l, offset=0, empty=FALSE, original=1null]
[2026-10-06 14:51:07] [TRACE]   [MetaProViz] Parsing unit from `1.53cm`
[2026-10-06 14:51:07] [TRACE]   [MetaProViz] Setting heights[10] to 1.53cm [name=axis-b, offset=0, empty=FALSE, original=sum(0.0966514459665145cm, max(0points, -0.0966514459665145cm), 0null, 1.33629685121766cm, 1null, 0cm)]
[2026-10-06 14:51:07] [TRACE]   [MetaProViz] Parsing unit from `0.75cm`
[2026-10-06 14:51:07] [TRACE]   [MetaProViz] Setting heights[11] to 0.75cm [name=xlab-b, offset=0, empty=FALSE, original=1grobheight]
[2026-10-06 14:51:07] [TRACE]   [MetaProViz] Parsing unit from `0cm`
[2026-10-06 14:51:07] [TRACE]   [MetaProViz] Setting heights[1] to 0cm [name=title, offset=-2, empty=FALSE, original=5.5points]
[2026-10-06 14:51:07] [TRACE]   [MetaProViz] Parsing unit from `0cm`
[2026-10-06 14:51:07] [TRACE]   [MetaProViz] Setting heights[2] to 0cm [name=title, offset=-1, empty=TRUE, original=0points]
[2026-10-06 14:51:07] [TRACE]   [MetaProViz] Parsing unit from `0.25cm`
[2026-10-06 14:51:07] [TRACE]   [MetaProViz] Setting heights[3] to 0.25cm [name=title, offset=0, empty=FALSE, original=1grobheight]
[2026-10-06 14:51:07] [TRACE]   [MetaProViz] Parsing unit from `0cm`
[2026-10-06 14:51:07] [TRACE]   [MetaProViz] Setting heights[4] to 0cm [name=subtitle, offset=0, empty=FALSE, original=1grobheight]
[2026-10-06 14:51:07] [TRACE]   [MetaProViz] Parsing unit from `0.5cm`
[2026-10-06 14:51:07] [TRACE]   [MetaProViz] Setting heights[14] to 0.5cm [name=caption, offset=0, empty=FALSE, original=1grobheight]
[2026-10-06 14:51:07] [TRACE]   [MetaProViz] Parsing unit from `0cm`
[2026-10-06 14:51:07] [TRACE]   [MetaProViz] Setting heights[5] to 0cm [name=guide-box-top, offset=0, empty=FALSE, original=0cm]
[2026-10-06 14:51:07] [TRACE]   [MetaProViz] Parsing unit from `0cm`
[2026-10-06 14:51:07] [TRACE]   [MetaProViz] Setting heights[6] to 0cm [name=xlab-t, offset=-1, empty=TRUE, original=0points]
[2026-10-06 14:51:07] [TRACE]   [MetaProViz] Setting heights[3] to 0.5cm [name=title, main, offset=0, empty=FALSE, original=0.25cm]
[2026-10-06 14:51:07] [TRACE]   [MetaProViz] Parsing unit from `0.5cm`
[2026-10-06 14:51:07] [TRACE]   [MetaProViz] Setting heights[4] to 0.5cm [name=subtitle, main, offset=0, empty=FALSE, original=0cm]
[2026-10-06 14:51:07] [TRACE]   [MetaProViz] Parsing unit from `-8.95cm`
[2026-10-06 14:51:07] [TRACE]   [MetaProViz] Setting widths[11] to max(-8.95cm, 1cm) [name=guide-box-right, legend, offset=0, empty=FALSE, original=1cm]
[2026-10-06 14:51:07] [TRACE]   [MetaProViz] The plot has title, adjusting layout to accommodate it.
[2026-10-06 14:51:07] [TRACE]   [MetaProViz] Parsing unit from `0.5cm`
[2026-10-06 14:51:07] [TRACE]   [MetaProViz] Parsing unit from `12`
[2026-10-06 14:51:07] [TRACE]   [MetaProViz] Parsing unit from `11`
[2026-10-06 14:51:07] [TRACE]   [MetaProViz] Parsing unit from `5cm`
[2026-10-06 14:51:07] [TRACE]   [MetaProViz] Setting widths[7] to 5cm [name=axis-b, offset=0, empty=FALSE, original=1null]
[2026-10-06 14:51:07] [TRACE]   [MetaProViz] Parsing unit from `0cm`
[2026-10-06 14:51:07] [TRACE]   [MetaProViz] Setting widths[1] to 0cm [name=ylab-l, offset=-4, empty=FALSE, original=5.5points]
[2026-10-06 14:51:07] [TRACE]   [MetaProViz] Parsing unit from `1cm`
[2026-10-06 14:51:07] [TRACE]   [MetaProViz] Setting widths[6] to 1cm [name=axis-l, offset=0, empty=FALSE, original=sum(0cm, 1null, 1.20786369149543cm, 0null, max(0points, -0.0966514459665145cm), 0.0966514459665145cm)]
[2026-10-06 14:51:07] [TRACE]   [MetaProViz] Parsing unit from `1cm`
[2026-10-06 14:51:07] [TRACE]   [MetaProViz] Setting widths[5] to 1cm [name=ylab-l, offset=0, empty=FALSE, original=1grobwidth]
[2026-10-06 14:51:07] [TRACE]   [MetaProViz] Parsing unit from `0cm`
[2026-10-06 14:51:07] [TRACE]   [MetaProViz] Setting widths[3] to 0cm [name=guide-box-left, offset=0, empty=FALSE, original=0cm]
[2026-10-06 14:51:07] [TRACE]   [MetaProViz] Parsing unit from `0cm`
[2026-10-06 14:51:07] [TRACE]   [MetaProViz] Setting widths[8] to 0cm [name=axis-r, offset=0, empty=FALSE, original=0cm]
[2026-10-06 14:51:07] [TRACE]   [MetaProViz] Parsing unit from `0cm`
[2026-10-06 14:51:07] [TRACE]   [MetaProViz] Setting widths[9] to 0cm [name=ylab-r, offset=0, empty=FALSE, original=0cm]
[2026-10-06 14:51:07] [TRACE]   [MetaProViz] Parsing unit from `1cm`
[2026-10-06 14:51:07] [TRACE]   [MetaProViz] Setting widths[4] to 1cm [name=ylab-l, offset=-1, empty=TRUE, original=0points]
[2026-10-06 14:51:07] [TRACE]   [MetaProViz] Parsing unit from `1cm`
[2026-10-06 14:51:07] [TRACE]   [MetaProViz] Setting widths[11] to 1cm [name=guide-box-right, offset=0, empty=FALSE, original=0cm]
[2026-10-06 14:51:07] [TRACE]   [MetaProViz] Parsing unit from `8cm`
[2026-10-06 14:51:07] [TRACE]   [MetaProViz] Setting heights[9] to 8cm [name=axis-l, offset=0, empty=FALSE, original=1null]
[2026-10-06 14:51:07] [TRACE]   [MetaProViz] Parsing unit from `1.53cm`
[2026-10-06 14:51:07] [TRACE]   [MetaProViz] Setting heights[10] to 1.53cm [name=axis-b, offset=0, empty=FALSE, original=sum(0.0966514459665145cm, max(0points, -0.0966514459665145cm), 0null, 1.33629685121766cm, 1null, 0cm)]
[2026-10-06 14:51:07] [TRACE]   [MetaProViz] Parsing unit from `0.75cm`
[2026-10-06 14:51:07] [TRACE]   [MetaProViz] Setting heights[11] to 0.75cm [name=xlab-b, offset=0, empty=FALSE, original=1grobheight]
[2026-10-06 14:51:07] [TRACE]   [MetaProViz] Parsing unit from `0cm`
[2026-10-06 14:51:07] [TRACE]   [MetaProViz] Setting heights[1] to 0cm [name=title, offset=-2, empty=FALSE, original=5.5points]
[2026-10-06 14:51:07] [TRACE]   [MetaProViz] Parsing unit from `0cm`
[2026-10-06 14:51:07] [TRACE]   [MetaProViz] Setting heights[2] to 0cm [name=title, offset=-1, empty=TRUE, original=0points]
[2026-10-06 14:51:07] [TRACE]   [MetaProViz] Parsing unit from `0.25cm`
[2026-10-06 14:51:07] [TRACE]   [MetaProViz] Setting heights[3] to 0.25cm [name=title, offset=0, empty=FALSE, original=1grobheight]
[2026-10-06 14:51:07] [TRACE]   [MetaProViz] Parsing unit from `0cm`
[2026-10-06 14:51:07] [TRACE]   [MetaProViz] Setting heights[4] to 0cm [name=subtitle, offset=0, empty=FALSE, original=1grobheight]
[2026-10-06 14:51:07] [TRACE]   [MetaProViz] Parsing unit from `0.5cm`
[2026-10-06 14:51:07] [TRACE]   [MetaProViz] Setting heights[14] to 0.5cm [name=caption, offset=0, empty=FALSE, original=1grobheight]
[2026-10-06 14:51:07] [TRACE]   [MetaProViz] Parsing unit from `0cm`
[2026-10-06 14:51:07] [TRACE]   [MetaProViz] Setting heights[5] to 0cm [name=guide-box-top, offset=0, empty=FALSE, original=0cm]
[2026-10-06 14:51:07] [TRACE]   [MetaProViz] Parsing unit from `0cm`
[2026-10-06 14:51:07] [TRACE]   [MetaProViz] Setting heights[6] to 0cm [name=xlab-t, offset=-1, empty=TRUE, original=0points]
[2026-10-06 14:51:07] [TRACE]   [MetaProViz] Setting heights[3] to 0.5cm [name=title, main, offset=0, empty=FALSE, original=0.25cm]
[2026-10-06 14:51:07] [TRACE]   [MetaProViz] Parsing unit from `0.5cm`
[2026-10-06 14:51:07] [TRACE]   [MetaProViz] Setting heights[4] to 0.5cm [name=subtitle, main, offset=0, empty=FALSE, original=0cm]
[2026-10-06 14:51:07] [TRACE]   [MetaProViz] Parsing unit from `-7.20cm`
[2026-10-06 14:51:07] [TRACE]   [MetaProViz] Setting widths[11] to max(-7.2cm, 1cm) [name=guide-box-right, legend, offset=0, empty=FALSE, original=1cm]
[2026-10-06 14:51:09] [TRACE]   [MetaProViz] Parsing unit from `12`
[2026-10-06 14:51:09] [TRACE]   [MetaProViz] Parsing unit from `11`
[2026-10-06 14:51:09] [TRACE]   [MetaProViz] Parsing unit from `6cm`
[2026-10-06 14:51:09] [TRACE]   [MetaProViz] Setting widths[7] to 6cm [name=axis-b, offset=0, empty=FALSE, original=1null]
[2026-10-06 14:51:09] [TRACE]   [MetaProViz] Parsing unit from `0cm`
[2026-10-06 14:51:09] [TRACE]   [MetaProViz] Setting widths[1] to 0cm [name=ylab-l, offset=-4, empty=FALSE, original=12points]
[2026-10-06 14:51:09] [TRACE]   [MetaProViz] Parsing unit from `1cm`
[2026-10-06 14:51:09] [TRACE]   [MetaProViz] Setting widths[6] to 1cm [name=axis-l, offset=0, empty=FALSE, original=sum(0cm, 1null, 0.561165983464786cm, 0null, max(0points, -0.210875882108759cm), 0.210875882108759cm)]
[2026-10-06 14:51:09] [TRACE]   [MetaProViz] Parsing unit from `1cm`
[2026-10-06 14:51:09] [TRACE]   [MetaProViz] Setting widths[5] to 1cm [name=ylab-l, offset=0, empty=FALSE, original=1grobwidth]
[2026-10-06 14:51:09] [TRACE]   [MetaProViz] Parsing unit from `0cm`
[2026-10-06 14:51:09] [TRACE]   [MetaProViz] Setting widths[3] to 0cm [name=guide-box-left, offset=0, empty=FALSE, original=0cm]
[2026-10-06 14:51:09] [TRACE]   [MetaProViz] Parsing unit from `0cm`
[2026-10-06 14:51:09] [TRACE]   [MetaProViz] Setting widths[8] to 0cm [name=axis-r, offset=0, empty=FALSE, original=0cm]
[2026-10-06 14:51:09] [TRACE]   [MetaProViz] Parsing unit from `0cm`
[2026-10-06 14:51:09] [TRACE]   [MetaProViz] Setting widths[9] to 0cm [name=ylab-r, offset=0, empty=FALSE, original=0cm]
[2026-10-06 14:51:09] [TRACE]   [MetaProViz] Parsing unit from `1cm`
[2026-10-06 14:51:09] [TRACE]   [MetaProViz] Setting widths[4] to 1cm [name=ylab-l, offset=-1, empty=TRUE, original=0points]
[2026-10-06 14:51:09] [TRACE]   [MetaProViz] Parsing unit from `1cm`
[2026-10-06 14:51:09] [TRACE]   [MetaProViz] Setting widths[11] to 1cm [name=guide-box-right, offset=0, empty=FALSE, original=0cm]
[2026-10-06 14:51:09] [TRACE]   [MetaProViz] Parsing unit from `8cm`
[2026-10-06 14:51:09] [TRACE]   [MetaProViz] Setting heights[9] to 8cm [name=axis-l, offset=0, empty=FALSE, original=1null]
[2026-10-06 14:51:09] [TRACE]   [MetaProViz] Parsing unit from `0.75cm`
[2026-10-06 14:51:09] [TRACE]   [MetaProViz] Setting heights[10] to 0.75cm [name=axis-b, offset=0, empty=FALSE, original=sum(0.210875882108759cm, max(0points, -0.210875882108759cm), 0null, 0.521478483464784cm, 1null, 0cm)]
[2026-10-06 14:51:09] [TRACE]   [MetaProViz] Parsing unit from `0.75cm`
[2026-10-06 14:51:09] [TRACE]   [MetaProViz] Setting heights[11] to 0.75cm [name=xlab-b, offset=0, empty=FALSE, original=1grobheight]
[2026-10-06 14:51:09] [TRACE]   [MetaProViz] Parsing unit from `0cm`
[2026-10-06 14:51:09] [TRACE]   [MetaProViz] Setting heights[1] to 0cm [name=title, offset=-2, empty=FALSE, original=12points]
[2026-10-06 14:51:09] [TRACE]   [MetaProViz] Parsing unit from `0cm`
[2026-10-06 14:51:09] [TRACE]   [MetaProViz] Setting heights[2] to 0cm [name=title, offset=-1, empty=TRUE, original=0points]
[2026-10-06 14:51:09] [TRACE]   [MetaProViz] Parsing unit from `0.25cm`
[2026-10-06 14:51:09] [TRACE]   [MetaProViz] Setting heights[3] to 0.25cm [name=title, offset=0, empty=FALSE, original=1grobheight]
[2026-10-06 14:51:09] [TRACE]   [MetaProViz] Parsing unit from `0cm`
[2026-10-06 14:51:09] [TRACE]   [MetaProViz] Setting heights[4] to 0cm [name=subtitle, offset=0, empty=FALSE, original=1grobheight]
[2026-10-06 14:51:09] [TRACE]   [MetaProViz] Parsing unit from `0cm`
[2026-10-06 14:51:09] [TRACE]   [MetaProViz] Setting heights[5] to 0cm [name=guide-box-top, offset=0, empty=FALSE, original=0cm]
[2026-10-06 14:51:09] [TRACE]   [MetaProViz] Parsing unit from `0cm`
[2026-10-06 14:51:09] [TRACE]   [MetaProViz] Setting heights[6] to 0cm [name=xlab-t, offset=-1, empty=TRUE, original=0points]
[2026-10-06 14:51:09] [TRACE]   [MetaProViz] Sum of heights: 11.00, sum of widths: 12.00
